soil_moisture,temperature,humidity,crop_stage,recent_rainfall,irrigation_required
39.963209507789,37.747895877870675,45.545312493596875,Vegetative,42.497966525160265,Yes
86.05714451279329,15.737607493764045,25.378391663573826,Flowering,9.812285835308282,Yes
68.5595153449124,15.663706545869918,50.722167117142405,Vegetative,6.277489494923855,No
57.89267873576293,24.708306574486237,43.34131212975451,Maturity,48.173997373716375,No
22.48149123539492,29.659295712139972,70.7840479801257,Maturity,5.402227968820355,Yes
22.479561626896214,38.112222534233794,65.43344370895178,Seedling,23.92455350535946,Yes
14.646688973455957,35.49886129819515,47.3445296148155,Vegetative,29.278186439665095,Yes
79.29409166199481,28.37708119130245,36.34194156912426,Flowering,27.068721045371912,No
58.0892009394567,23.208799988449975,94.1026974616694,Maturity,4.3016078516471605,No
66.64580622368364,44.913735004731336,54.05012158970862,Flowering,2.8513457001809686,Yes
11.646759543664196,27.78543906707919,71.62056768351778,Seedling,5.274171373051784,Yes
87.59278817295954,28.541610729890266,30.54147256837706,Vegetative,29.279384193630626,No
76.59541126403374,19.908714635750076,56.419227474454836,Vegetative,27.217244381716053,No
26.987128854262092,38.84428646249788,22.06525399020991,Maturity,11.687039601837213,Yes
24.54599737656805,35.81046677344466,57.90913384328375,Vegetative,31.888707092279578,Yes
24.672360788274705,21.62308838366281,92.30130553382767,Maturity,41.00337510278247,No
34.33937943676302,17.47143136847528,48.81550347393502,Seedling,2.078947992329688,Yes
51.98051453057903,35.41497906224139,22.924700943118367,Vegetative,24.90649717740212,Yes
44.55560149136926,34.63533642843406,22.321684318950766,Maturity,34.465520605134515,Yes
33.298331215843355,23.197785809946282,49.09900699601521,Flowering,12.615596353484355,Yes
58.94823157779036,43.52590686751231,32.001870234739556,Maturity,15.388545264657456,No
21.15950885216335,19.531736753427005,21.751407224613942,Vegetative,30.68189514946919,Yes
33.37157188281745,27.970044031278057,76.71602104626326,Seedling,44.89676467218685,No
39.308947463495336,43.30847760502797,54.389225666141805,Vegetative,40.49622101514497,Yes
46.48559873736288,27.59181950778367,41.693357897949085,Vegetative,29.156510954979176,Yes
72.81407691144109,34.15577842992256,87.50623872623605,Maturity,36.51108588786246,No
25.973902572668777,26.927831938883827,28.71042201503942,Flowering,18.241123510389933,Yes
51.13875507308893,23.226456070460102,91.69391217164895,Vegetative,32.04827640493789,No
57.3931655089634,44.51932943879485,43.54750380330146,Flowering,23.30907955637785,Yes
13.716033017599818,27.280020189451292,86.63027542315109,Maturity,9.496806822878046,Yes
58.603588152115066,41.82297611037403,65.22071573595962,Flowering,35.08691369386286,No
23.64192989498332,21.898638176732586,82.00305198061156,Maturity,27.823231867441102,No
15.204127438822361,21.3931411207525,93.80098724078482,Seedling,17.93107909767957,No
85.91084298026666,15.93402248653534,41.63040783640593,Flowering,45.566959503931535,No
87.25056264596475,34.550004761276554,92.08516140556948,Flowering,1.0467058913366634,Yes
74.67178784931689,26.055790311712833,49.211142117681526,Seedling,15.7886575624748,No
34.36910153386965,40.93074749518911,48.91339285526917,Flowering,2.844069888882328,Yes
17.81376912051071,29.196297200746713,45.52903281908793,Seedling,38.32636581108136,No
64.73864212097254,44.045802837441656,60.60557055106889,Vegetative,35.10537270568963,No
45.21219949916811,20.565765471093634,31.560878238386533,Maturity,16.567610936815854,No
19.763058787582306,41.05869503866832,61.52836140185084,Seedling,33.78314511035365,Yes
49.614152808901615,38.297905583752254,60.6278609307503,Flowering,19.796861309797492,Yes
12.751081689217472,38.127655339321564,77.14263594536524,Seedling,37.812689571121716,Yes
82.74563216630257,40.34349684350663,82.52374714531891,Flowering,22.709183136835303,No
30.702398528001353,37.830719728289964,53.033101273431804,Vegetative,20.61398639158328,Yes
63.00178274831856,33.78660964894246,42.67499370136203,Seedling,46.73649577441505,No
34.93688608715288,18.937346330471627,39.45011729878209,Vegetative,12.543954994535012,Yes
51.605441694224865,15.975785384737557,34.596787752865396,Maturity,6.022366999828272,No
53.73682234746237,42.6254354344706,24.323568664926867,Flowering,29.22715566297291,Yes
24.788356442042165,33.499509435622144,45.6835984126035,Flowering,48.466090614208944,Yes
87.56677022116469,38.89611872928529,40.26857690980874,Vegetative,18.891960686359333,Yes
72.01062586888916,29.4456705453765,92.48130393998055,Maturity,3.101838181439076,No
85.15991532513513,18.519245668871832,61.82816196875329,Seedling,16.96526336547837,No
81.5861880342119,18.755573766076512,46.04577792728807,Seedling,25.296582715977923,No
57.83199830488681,35.566958616869144,63.5350700745272,Flowering,8.096150331610685,Yes
83.74993880184934,27.909176846983883,30.439752600927164,Vegetative,32.9051109028246,No
17.07940016415356,21.0157418010101,53.303281190165215,Vegetative,49.88746945051003,Yes
25.678628993531618,29.747836402243106,66.96757410657979,Seedling,22.58697379907219,No
13.618183112843045,16.92626811225402,56.66733738443386,Maturity,17.736427836510632,No
36.02642646106115,32.45914205743196,50.133410049074314,Maturity,20.035208341723333,No
41.09418317515856,23.06980213305293,94.53862916747737,Seedling,5.757308919760057,No
31.70792254191167,38.92677301911564,86.02360716116952,Seedling,44.16368007131119,Yes
76.29900073215435,24.310858767707213,66.755446861958,Vegetative,20.7412827760676,No
38.540266135487144,28.656604472454035,62.70330208867121,Maturity,19.363720571242066,No
32.47476077499046,15.348616197243018,66.54953598684381,Seedling,32.984513646523716,No
53.41568665265988,17.173406633836766,35.0984080866825,Seedling,22.101671046556177,No
21.27393799798101,26.774806692200542,49.6353307448239,Flowering,32.4116734403923,Yes
74.17575846032318,29.398165041513707,22.95946496681745,Seedling,3.0723145065393753,Yes
15.964051494381666,33.00061644357911,55.665952811512,Seedling,40.68616718611137,Yes
88.95095492804138,23.749877361279097,60.72684379682474,Maturity,47.02519764397013,No
71.77958154373259,35.849456583796275,37.08123020774072,Vegetative,32.4382693079693,Yes
25.897254522733792,40.803671915676134,92.30216353741353,Maturity,47.72829644294054,Yes
10.441769369888192,38.3955296668005,88.20909582029314,Vegetative,7.5716157184981645,Yes
75.23691427638673,16.188564760450713,74.16074265919295,Flowering,23.870809474017683,No
66.54858750780937,29.415208417734867,60.003997157402196,Seedling,30.090336697272363,No
68.32057344327899,18.147905352545244,85.24768697357638,Flowering,29.086832371059334,No
71.70162773487566,22.261350475875822,29.798925786759717,Vegetative,20.07308895445216,No
15.923572138727229,44.59987779801439,79.28823457061637,Maturity,16.90422046831307,Yes
38.67725828354181,19.2748662870454,29.36156104751362,Maturity,6.34120112752094,Yes
19.269524762010377,29.966644603540683,79.5657996912054,Flowering,19.58712252811391,Yes
79.04827407004748,33.54467202954358,40.68256761885177,Vegetative,8.133040755274257,Yes
59.86385014620463,36.07394911632312,85.78179357636417,Flowering,36.71828382461092,No
36.471841988211935,31.789460504607423,90.80315703690484,Flowering,10.441546774729499,Yes
15.08466802288189,15.29312542257551,31.15969770538367,Seedling,2.9282652642266926,Yes
34.878585737252976,24.793839247319756,54.700670379904516,Flowering,27.618306890861717,Yes
36.014665762139764,30.531349301541344,93.57405336220138,Seedling,29.76148663597008,No
68.36849426704512,17.635994974345,56.255557697986,Seedling,43.59565306402528,No
61.00459770841705,25.518807936275422,84.76606418859089,Maturity,28.849080620884095,No
80.97701940610612,15.996093263740997,64.15486415984898,Seedling,17.274042686172287,No
47.777194012955945,17.35735491465062,48.149743093970145,Seedling,40.150594076316025,No
19.567539675064136,26.907698286047882,41.43376666444027,Maturity,27.013944659371052,Yes
67.0595829778396,18.98147262129181,35.24173183145655,Flowering,3.964014231559587,Yes
70.8628038893518,32.02622544784674,77.13486435332729,Vegetative,28.292528015662334,No
54.9021758055597,35.683949074117976,48.99053801172709,Vegetative,45.40092727108312,No
71.67737439636488,39.017600973272486,58.34565966505634,Vegetative,19.815631274911027,No
49.50364770915126,21.004507327344303,56.92441100008865,Flowering,14.816290094990004,Yes
51.818626350559526,20.024477467772094,63.29592719248484,Seedling,7.173472850901002,No
44.20328146868397,18.137035210032007,84.91828592184142,Vegetative,7.572276096767866,Yes
12.033530139527615,34.0929074863091,93.55545076875721,Flowering,21.638574217090945,Yes
18.631314159464356,36.19427179460703,50.568815643036274,Seedling,29.783991208076475,Yes
12.51433485493874,15.947584344769261,82.06391915797272,Maturity,4.0307702584800875,Yes
60.91283290110243,43.086367387310695,77.33958459910383,Vegetative,46.978429451258286,No
35.148478486106136,16.559138509544173,63.01467135916799,Seedling,37.75668087225979,No
50.685655293176225,31.238890059032116,91.70353577089499,Vegetative,29.331195914183134,No
82.60531791408744,36.27181558352749,35.03558866463021,Vegetative,41.42193354694954,Yes
29.943378331909997,41.129073712382564,28.194815773221606,Vegetative,4.009337840605665,Yes
42.830633842850375,36.42260796397284,84.04714752165665,Seedling,23.84194388665622,No
70.4440910834439,39.051842492093755,52.93623624753112,Flowering,31.50465634308317,No
28.303853239329797,25.183505776284182,83.52266406552954,Seedling,41.43264530591446,No
16.158392786303438,39.44475341239537,86.98176538965612,Vegetative,39.17347800246338,Yes
33.180116233101444,17.403445391540252,24.684319521430357,Seedling,13.853462485669981,Yes
22.897702980320354,41.84449968181583,86.25985722395455,Maturity,47.04400847796021,Yes
84.37581218740584,31.42777128461209,53.623929152706665,Flowering,6.217292071543517,No
74.64963036515336,39.51893309887481,58.28243667531741,Seedling,43.75668093105761,No
60.67230052083388,28.569548535549004,66.99443833199076,Maturity,48.547012480230926,No
79.71684721501742,34.30733085589575,89.4786955047565,Flowering,8.857676161131279,Yes
74.29376615192916,30.792079828083395,21.433707082232303,Maturity,36.10330321018927,No
24.925604710882865,36.947685652659956,55.76326012383628,Flowering,2.014275938899923,Yes
81.40471987919823,17.448899460917687,71.57915318229206,Seedling,20.271141256957748,No
53.147379353252056,16.810562519716914,74.20302182736714,Maturity,25.8141649598837,No
74.595212413125,22.41309702030439,71.9399323652831,Vegetative,29.032261295481703,No
81.68730399387945,19.78634040339565,30.082634705609138,Maturity,46.79686241242798,No
35.44027799774911,41.15350699776605,42.45466912787609,Flowering,33.61253436470973,Yes
18.80415396221414,21.57641962074133,46.90366440627601,Seedling,24.06389756096185,No
28.234813003355335,44.27595767457394,80.33279057596287,Flowering,40.48375181329447,Yes
44.1686230901005,25.106873753133208,40.90699043109147,Maturity,47.526641047720446,No
75.44118127379944,20.463537470660977,35.80287229004024,Maturity,1.1033074341145421,Yes
78.85844666050747,38.690955214274375,91.80860142785721,Vegetative,49.126063612801936,No
10.556170442495256,34.761233265026284,20.664746383510167,Seedling,4.3066069531840165,Yes
50.85978420620526,29.94587149359417,94.83656417614837,Seedling,40.71933896343807,No
43.39288025190232,31.660906528128937,70.76159741430467,Maturity,14.016737627570624,No
27.76862483765842,36.57605334816792,82.13519745868378,Seedling,6.608982887693587,Yes
19.589229386694626,21.853642239938964,42.09645472596449,Vegetative,21.992781985691746,Yes
37.00921371229023,44.89001748170226,21.073645825029498,Flowering,32.19782897238068,Yes
85.43277631300154,44.2437948644035,75.34021389211475,Seedling,19.04759225117375,No
35.856234561660415,34.50977059040811,82.56084477505068,Maturity,2.728270414134948,Yes
51.50324973946929,20.986273527874353,75.53570989651394,Flowering,29.97305698293583,No
66.24151671161422,35.40684727293874,30.713771547562892,Flowering,45.120163805533736,Yes
39.09036819034352,17.165952269375275,76.50709416927268,Vegetative,19.160768297362583,No
87.74256661767686,15.919575066174183,77.66920865807307,Maturity,10.816638881541351,No
86.99578359536889,22.73048665533641,69.39053867525412,Seedling,22.12886729664077,No
30.142583666029132,28.87868870217949,77.45869495966897,Maturity,2.4181355524390433,Yes
49.77988047139084,41.04817516225141,83.44410797582991,Flowering,41.02437922401374,Yes
34.07026478534157,36.81507209298924,66.02030856780938,Maturity,41.317040547509336,Yes
32.78723955019741,37.28119563599943,26.64535354772593,Seedling,29.400023171481422,Yes
12.950955788362624,27.76480003344226,56.572085725040814,Seedling,17.655144446919476,No
58.76514671839175,25.378049776408886,25.82370010037038,Vegetative,39.989168222289166,No
50.21432185830892,26.131162889538082,50.56572732743231,Seedling,27.73435123941836,No
14.118300099999148,44.62948691208173,50.53298668442207,Seedling,41.29661542750081,Yes
32.29171713892892,16.203275742374473,24.95073831051812,Maturity,31.57293962915103,Yes
82.6612708773323,41.01094488367346,46.16154004771095,Maturity,39.22027366063986,No
29.164951253357792,32.3602622571718,28.324857409348613,Flowering,29.928149660888,Yes
21.591589767297847,28.158462575687714,80.61764075069166,Vegetative,20.70705341078331,Yes
49.15622082220504,36.757729812454095,91.0766019473353,Maturity,47.89729299630688,No
88.85203632884806,29.600068242741088,25.423735644345395,Seedling,27.05569124394224,No
29.364421720920035,41.20269714244982,91.6336405468776,Flowering,30.25447592702692,Yes
63.77084379247029,42.02105592033776,59.19324495025589,Maturity,11.024381970737462,No
70.9295692262974,27.651627806203663,42.46742584654054,Vegetative,31.282539471363823,No
29.011003519391974,23.304833917051546,25.764655645712264,Vegetative,28.580382474147193,Yes
68.25730788894876,32.77050985780087,57.546820105281334,Flowering,9.241919897351247,Yes
39.422650617540256,42.37090036850073,79.58866583680614,Flowering,2.979354867657186,Yes
60.584466447486356,21.319865670169996,73.03148579500237,Flowering,30.217965985738555,No
60.68237686087158,33.688997506904485,23.766950859798033,Flowering,38.18461346751603,Yes
52.86197472598068,33.94680660277562,25.467637652592764,Flowering,26.17006854610041,Yes
17.223181604352664,36.99339067245843,50.215496197447784,Seedling,11.338631265982285,Yes
76.82419964713904,18.947030553817793,42.146787053595745,Seedling,33.326098834651745,No
35.66240519773886,36.47474894046266,37.428824229203585,Maturity,4.0052863304801125,Yes
24.92148083198834,42.270975619969235,41.075337418153524,Vegetative,22.091685240097732,Yes
13.262011324381113,20.39049326610726,80.26120574726635,Seedling,8.16833791992101,Yes
57.27143545505935,22.12629974771633,89.69210402238905,Seedling,9.222952552994169,No
64.2051489473826,44.14185282124919,50.38270208956748,Seedling,10.114697457910182,No
11.327026314228492,20.429308581284694,87.95832515993727,Maturity,19.335352852198895,No
50.96744466394248,40.63155280108737,44.11217759359115,Flowering,2.5575102810198813,Yes
28.119662015835036,29.768335693441045,55.73277397578437,Maturity,19.88967204645491,No
61.61382323275599,22.416932232095313,36.95217483619998,Vegetative,25.585372355735043,No
23.949314320399317,41.12249703817534,68.03570316318829,Vegetative,24.164714248316262,Yes
65.27501904819728,28.359157650079965,93.42358363811067,Vegetative,19.139205020152026,No
40.93882770404299,30.444520617890706,65.2619822032534,Vegetative,41.957330403537625,No
84.93839909893876,25.77700108199297,46.83605630851616,Seedling,7.266334621025205,No
21.00167553167946,32.788525543047825,68.58630844928962,Seedling,25.2848371890687,Yes
37.285308084020684,19.905716177550683,29.219050884904068,Maturity,3.102070847827715,Yes
19.077881699247126,26.73244609955282,86.6494310199049,Flowering,3.5577839438954872,Yes
83.97548946228503,44.082369670058625,57.73129630848773,Vegetative,28.693292483854815,No
80.18714827047847,22.744002981033827,53.70123065297315,Maturity,28.30092124439105,No
30.63533021721245,34.70209993623877,63.939859134013936,Seedling,43.90167564222285,Yes
62.79872368273432,24.755701926740848,66.85878970920518,Seedling,27.89368378300366,No
75.37777601609727,38.204193770598025,25.38318546698848,Flowering,47.98955102024251,Yes
54.41606492795699,18.926209821550493,71.19629159175517,Flowering,2.434742419996488,Yes
52.37204626848052,44.094631352356345,38.14487602366472,Flowering,4.900384239037053,Yes
29.348183272036135,28.61368624150918,73.54644743799423,Maturity,2.20329307851907,Yes
17.44822142447194,22.08151390039392,81.69010957881476,Seedling,9.263842516677002,Yes
81.77726063626613,17.204902419900378,80.29688806643902,Seedling,27.063505547083906,No
82.03344457306643,20.09273715262622,61.437572555591686,Flowering,32.2786090713714,No
60.64811658186144,30.593218456680532,59.012741923306336,Vegetative,2.27925789743344,Yes
37.122383283896056,25.11009529293859,30.715697100455877,Flowering,47.298544492279966,Yes
37.93676596901287,39.866500976478285,78.15096128023518,Maturity,42.10826883251905,No
68.07645430961915,27.92662570985418,40.35570353350358,Flowering,14.830624107854657,Yes
81.76882079620617,22.461428177628896,57.25215671134599,Flowering,3.859376511323398,Yes
80.96691394120938,33.5143495981209,41.320556969563754,Maturity,8.494353660952864,Yes
72.3900436686099,36.203316506563375,30.037127224976985,Flowering,6.347220687748633,Yes
61.36253169234302,20.011257237028495,67.21682726688024,Seedling,6.164188964947343,No
16.731197199603905,20.02857648864953,24.07490261171779,Vegetative,25.928084433286696,Yes
22.9302971275691,16.10014280800629,76.14839255946501,Flowering,12.292372124670015,Yes
81.88433508216634,37.09206045196922,43.81900964458375,Maturity,17.906985826457223,No
58.514324772767196,34.91413582865415,20.0101019753364,Vegetative,49.475266669216126,Yes
10.735764129330372,29.238926272494417,58.334685442792235,Maturity,34.21571244626724,No
18.11772342928257,40.325113469075916,23.513893139570236,Vegetative,47.44903335235007,Yes
63.08014152864446,39.170104588501594,40.71271683656746,Vegetative,7.127827751655779,Yes
10.404926707697495,32.560630931902566,73.02323655917871,Flowering,19.106973741628465,Yes
22.86464411339989,41.04813841539776,24.70172162163994,Seedling,27.736590164117715,Yes
53.89870314932689,21.175236301103048,82.95038692670018,Flowering,3.837903094436901,Yes
65.35161581541546,18.357588581931836,20.286494199393733,Maturity,0.20937218139789326,Yes
62.156900760208046,23.092488345509686,38.51179019014267,Maturity,33.521716689845874,No
27.941544756844785,16.712605682679445,75.56780421140536,Vegetative,32.09097584007176,Yes
66.97433770780287,30.93508584003096,43.72026122969801,Vegetative,20.53944049998059,No
28.979926999744006,43.098170768848846,27.641929104951014,Seedling,24.48220380160163,Yes
36.03197585274142,16.18030622005529,47.01754391003209,Flowering,20.77215002960448,No
69.71931240944193,18.663297420300804,40.27949647883942,Maturity,1.2002522422444428,Yes
61.97063192377718,28.565970848503056,83.20339266204161,Vegetative,16.768580310873123,No
77.93787283953424,43.01625052583715,43.501093818885735,Seedling,8.854112769864491,Yes
62.60903138402747,24.484683149302516,79.16993538320054,Maturity,4.921209455068437,No
55.464688266837726,30.217044260651775,86.8904108608051,Vegetative,47.83602169446749,No
17.493981426247398,16.247185771511763,52.536306468239715,Maturity,29.967986252108282,No
39.41726424475468,19.450296028862667,88.2457357890794,Seedling,36.432814211830134,No
31.216189414538036,44.598903688765404,48.29885404723946,Seedling,15.768187163305875,Yes
29.519171470326686,43.95356089308137,92.30588123675811,Maturity,19.65735647470076,Yes
87.84084438019565,15.148199428032289,26.69671433941797,Flowering,11.846199694836173,Yes
41.44781797334083,43.55435356269717,71.5264449877432,Maturity,4.848283548271237,Yes
81.36372441416907,34.17359813446501,57.03605303426965,Vegetative,8.95158187207919,Yes
60.49109007978103,41.03754883560066,49.07366040917353,Flowering,39.87570226482429,No
73.58490428333187,28.642195669015774,67.45339090614507,Vegetative,33.87729025918879,No
50.21096744841537,30.46788085737751,72.78928187257483,Maturity,27.346443799273846,No
56.15231077010873,29.665397407707605,20.327245223773183,Flowering,23.754493643338403,No
49.401415505509114,35.005927726383135,32.5214816560399,Vegetative,46.12171418280622,Yes
25.61943902384356,19.189537642689388,73.4784537975739,Maturity,3.6367473889334203,Yes
67.79616922092043,15.899207696180339,69.97890601836548,Maturity,14.030040661895798,No
32.46178899526846,24.23789824773573,92.4535628846508,Flowering,17.4968926785357,Yes
11.945277314516307,36.1404228820994,77.07783426880872,Maturity,39.12129061063939,Yes
61.63778367257343,21.05560356368845,91.30795307985035,Seedling,49.62573100809857,No
24.168854352563915,35.202972999747516,72.69053761511051,Vegetative,12.033525737857653,Yes
85.23668674823314,44.097361383218114,42.35391564795823,Vegetative,43.71536670685403,Yes
86.31428616020699,17.81702147368255,27.902369168814236,Maturity,41.53113802158956,No
83.18915121763588,35.17806354675379,78.63678975087018,Maturity,11.23286988208833,No
39.61269602043555,28.312506579137136,68.3111916106937,Seedling,19.966629009961128,No
11.236529322309394,41.04426763132516,23.613950929497218,Flowering,20.483643464625956,Yes
84.26548500701803,20.314493683421578,47.003784942573375,Maturity,48.91103342632792,No
44.254731865385146,35.778778566784936,91.75998616132146,Maturity,9.044595068944917,Yes
87.33238552349357,40.14345868944331,57.530085928265095,Maturity,39.957898555239105,No
87.08959816714022,43.3384265842207,52.45468520147785,Maturity,16.709635708655497,No
78.24075643738881,35.49744084868938,54.32747038694705,Vegetative,36.54351728880802,No
33.55591136556686,29.91524292025282,35.66620430038728,Maturity,21.000550214783143,Yes
40.807818288154024,33.53541720603641,47.653037814859644,Vegetative,28.917988155827,Yes
78.09093372134855,41.06714953436155,47.735994199038245,Maturity,41.63058866630656,No
35.35376041250221,32.118292399164886,23.92662651406043,Flowering,40.20827824919421,Yes
23.5594197348874,15.911611790905106,77.56757213884387,Seedling,43.321159176985006,No
54.544100996668014,42.92846086520933,51.23783239279092,Flowering,2.980866267232951,Yes
84.89238193286248,35.68580253094683,81.66349151123174,Maturity,34.602527651987245,No
65.68238373399784,35.29540157331739,83.77610008399216,Maturity,6.999368836088143,No
55.604893607149194,21.470254571931516,35.89955410239936,Maturity,20.79092840092055,No
17.77411950166148,34.766564106979715,69.30151116275965,Flowering,27.429420752734423,Yes
59.20057813593358,26.815932169624755,55.421135312223626,Maturity,20.136974237341537,No
89.20430800834106,34.53698931124477,86.01175534411138,Flowering,25.980583790150373,No
21.20672121892192,18.19779090923972,36.18055093823406,Vegetative,49.82631543993096,Yes
51.46637218909894,34.735359138091084,70.83599002325332,Seedling,6.760865685642736,No
80.18984575423643,44.98241177311999,65.5814091689542,Seedling,33.77280226682128,No
69.26148942033635,16.446361165816683,42.147610817887454,Flowering,19.800048319280762,No
65.76125927962144,44.31522552663952,30.245067773837945,Vegetative,6.650489945366439,Yes
66.19872671896874,27.20723882168612,68.87298203579574,Flowering,7.936838168715477,No
38.75929209758041,41.12260351011777,75.3948093599248,Vegetative,47.46365531228084,Yes
33.487347541159465,38.471564521748206,43.67205078225125,Maturity,43.9800748355881,Yes
74.74889243828109,32.01048782960004,68.36244530167353,Vegetative,45.35209802075109,No
74.80907157433447,37.153476277539795,49.63481807086275,Vegetative,49.57663879136933,No
79.3657854864083,41.35546683904043,73.49051624619634,Vegetative,10.415769500425897,Yes
83.05924420451771,27.12420964953099,34.941145617053984,Seedling,17.771966868203087,No
50.90739190887503,24.81099484689716,86.76612519771308,Vegetative,33.46095149624333,No
50.12130357497597,35.02780156690754,41.55571973491848,Maturity,24.19012699303236,No
73.86361431734201,39.23537825823776,47.58394908171147,Maturity,20.919476668916676,No
61.99711446222121,37.868554043298474,24.356896406026234,Maturity,17.890562466779652,No
66.15735018061628,38.93440946575903,28.36341592409573,Vegetative,29.68903159717261,Yes
73.66341355488808,28.06749944438799,58.68964270342461,Flowering,28.7796714320041,No
81.2004273454053,39.53502648525065,40.06945075459787,Flowering,8.072891703212004,Yes
37.03961254812286,18.606271661118253,82.66101693066457,Maturity,23.586991875921953,No
40.04663621119552,31.334672938825488,21.102004149121537,Seedling,27.673588810492493,No
17.51855518726952,15.172759814943648,48.43205365039522,Flowering,28.514346936569524,Yes
56.26241127969392,24.73757489700811,45.30091600768195,Vegetative,10.50535964561759,No
12.875381903739367,25.993846046141936,21.449572318820078,Flowering,37.11356961261434,Yes
47.24784145059681,26.885180748277662,29.327629925038266,Maturity,1.2599547410534817,Yes
53.411570776606126,35.864016200695865,51.02320061889765,Seedling,17.741592777158132,No
32.92330017026275,26.65674303811037,56.9648438335585,Flowering,39.010632426781676,Yes
57.26666084552086,28.460808678675917,50.32173104411518,Flowering,28.194646052770118,No
12.440019995123954,22.126323926229823,59.820325880907035,Maturity,13.058121625543013,Yes
12.987855099937153,26.197553748880203,64.63487561792611,Seedling,34.74765596715238,No
75.80804485277267,21.818088817894544,20.744286584587673,Seedling,28.36954720780367,No
38.81525131290103,17.19587771305331,54.807136959012794,Maturity,39.81218047281936,No
20.16484101215078,33.10345780144134,92.26244306656912,Vegetative,36.75125930949117,Yes
51.77946080438435,35.04638395665049,58.927421009716156,Flowering,30.505396101811733,No
71.59948424788887,33.584710380288435,70.81567005942148,Vegetative,24.4088837655407,No
27.265682199747452,28.90482131401717,43.38978934376624,Flowering,6.65910628337617,Yes
59.83123806552002,26.393573405376895,78.0493533614572,Flowering,13.066650894269188,No
16.82779719950144,40.90000948715476,77.96911114070863,Vegetative,20.954973645854263,Yes
14.134537693488616,30.572453554086543,59.09720357406042,Maturity,29.964964350319434,No
52.50837052545184,29.37545632889193,93.20103674594102,Maturity,25.68539276076524,No
53.25080972880852,15.769261974193071,29.416266107199004,Flowering,14.409226297976474,Yes
60.99439211985653,25.237434828784693,21.271074866718575,Maturity,0.32321788948552754,Yes
68.08730669781292,26.405868563575712,77.7618658817822,Flowering,24.811961095040697,No
88.06816635700277,26.964683426907015,80.53666530236619,Maturity,14.281299428112154,No
51.30402786409562,32.40517107681997,29.01554218404322,Flowering,36.730415035526754,Yes
35.836517835299674,31.008076401806353,39.91871247189546,Maturity,1.1973132635241746,Yes
73.61489558149628,33.23715278380334,21.316427252497167,Seedling,29.241390565289542,No
31.666580100965938,37.94649784626385,41.99814580854235,Vegetative,47.07371187530327,Yes
45.11771365645089,39.3895721614828,77.98564054390036,Seedling,8.720463355574976,Yes
16.276510507381275,36.54369228679484,58.84703957844342,Vegetative,23.58247453752977,Yes
12.0280594732366,43.66571087864804,46.107169487621604,Vegetative,4.5710995908569085,Yes
87.01187317423401,15.546977480290849,47.88044711797477,Flowering,31.28409561306763,No
76.87840964097647,20.87333957050638,20.101521928660112,Vegetative,27.52658402981128,No
65.67793648749584,15.226886249344263,42.48503956739269,Seedling,20.368276210641618,No
42.71623555314159,34.42424142463809,68.48440562284479,Seedling,26.06885107368706,No
23.86354560566766,41.94091646849961,93.06458328622678,Maturity,44.82873292345051,Yes
22.514963413686885,22.304468897288977,83.52956202379247,Seedling,9.814715115553351,Yes
30.019431853167625,42.8110363438892,21.769622348414686,Maturity,1.1282255852673617,Yes
53.938133176489636,16.808021708686827,87.39204535061295,Vegetative,43.083244234955046,No
67.16767381600499,43.03308080416543,78.73988099739694,Seedling,28.855854119395325,No
62.8157901374185,25.54868061718903,78.52820926782353,Vegetative,44.53292277309212,No
32.39471175567543,18.042624853476497,54.34968192526786,Seedling,29.84726117065863,No
86.38922245305552,29.57615277558977,49.85039697158771,Seedling,40.50805449798512,No
69.03175333566148,22.70329703161524,42.71867966248945,Maturity,21.483668167757397,No
54.34832420091205,23.546187058857683,24.927114421577432,Vegetative,37.49299656441344,No
58.93765969874818,24.218698947788596,37.117652262027434,Seedling,45.6520733444928,No
43.568004994223195,39.0907769349799,38.49527262335185,Flowering,28.606148186110314,Yes
29.818479160092597,31.174838300257633,56.30578022826512,Vegetative,9.039257528118977,Yes
38.47781429210093,24.33923097468011,76.05833049475206,Vegetative,13.439880751509909,Yes
70.62768883714952,33.31001349932755,55.535737129846,Vegetative,9.93222884487029,Yes
11.15147909038047,36.48452022669581,24.338333708537046,Maturity,12.342851379786646,Yes
19.2858112405533,23.17872002200601,91.83423507411528,Flowering,15.32077246755182,Yes
13.68021136174022,27.406473045760546,90.70432393205841,Vegetative,27.756689337659424,Yes
13.258304185517611,18.656582800108428,78.88921573613064,Seedling,29.39958147319164,No
78.43684672088058,20.43448048604041,94.34959261731655,Seedling,21.324987362093058,No
66.29262875040189,35.433535618949485,60.83617496001972,Maturity,30.77103899104177,No
47.93390632698602,20.44315043086881,92.20762626899045,Seedling,4.078746280568296,Yes
17.82673285208012,30.754901510011805,25.67037804625631,Vegetative,4.389411852907998,Yes
49.32927000934659,36.27138785167298,47.42605611960285,Seedling,8.591473017882922,Yes
47.87774166244525,18.206307692842316,36.90359510050744,Vegetative,25.903874902017236,Yes
23.856149592801216,32.01936658886711,34.687481310070254,Seedling,10.699733934915677,Yes
44.70813193903784,22.696883511040912,30.560221166950704,Flowering,14.164220174628866,Yes
41.88037875178988,43.887806257127394,66.68102311744974,Maturity,20.015641808649704,No
59.26800784417732,29.50636940159774,78.59913918104789,Maturity,40.59330620051899,No
60.8074920694115,39.17977649325474,63.37237995652705,Flowering,0.6931067956430059,Yes
13.624320781763561,31.506796264687853,31.022203219115724,Flowering,32.46894101183112,Yes
39.9690091701177,16.302375985644574,80.83428274501031,Maturity,33.44382655203427,No
60.06879325713891,33.99454126782067,67.69660303727963,Flowering,39.93278901783183,No
50.250900686407014,43.54210026619971,49.112427959524666,Vegetative,46.63764695301566,No
78.51918729506578,33.048354604389935,70.55977216520472,Seedling,1.0068924474644914,Yes
62.6954905295156,39.57566578280371,39.49287344321246,Maturity,7.689185275660809,Yes
23.034754166514375,41.526193900452235,45.88941563706579,Flowering,44.30856470279965,Yes
15.645499792034387,21.842393158467974,88.81143823489927,Vegetative,22.925928109350767,Yes
61.39354225650525,21.3613451972468,41.78783792535653,Maturity,28.229531946673177,No
12.120904843329745,33.32942966552975,55.249120111845244,Flowering,33.15136018615737,Yes
56.86204650187706,27.330854094201143,86.7605853047011,Maturity,33.95333022478187,No
85.2184193139966,40.19583908600161,73.07910127006457,Flowering,46.58702016582541,No
56.03793423007032,42.000693701940335,24.665241962352706,Maturity,49.847470870583486,No
41.05359409652175,25.602641379081543,31.047728320922776,Vegetative,36.00787304654701,Yes
61.463057475388254,22.10611676923446,20.588119307893763,Vegetative,14.36106046025754,Yes
46.660231239321334,38.41576545731586,67.31913426718725,Seedling,43.98762011471718,No
53.6493431452748,23.244181066444085,53.575506905781374,Maturity,2.4610457270380803,No
85.317184702122,39.67842955541035,30.070613817670665,Seedling,11.55404264372481,Yes
40.88821102406194,27.712147609462885,91.84505907925778,Maturity,44.869285873185746,No
86.89524510591313,35.02649697874411,59.72447929592149,Flowering,12.809575721967747,Yes
82.4280513564851,17.866059415040045,38.141997058466686,Flowering,11.032552981087424,Yes
25.663290783143715,33.715779740297194,57.54526783660307,Seedling,6.906264657012362,Yes
15.548904070013236,28.55303036211687,70.97152495513308,Maturity,42.955587882345824,No
18.062240110194132,32.59825389526422,25.717941348017334,Seedling,25.002912959554337,Yes
11.457746052123978,20.0404262323459,40.6027861285919,Vegetative,33.74466015270774,Yes
17.555436860474273,37.106212348325464,80.52241181629952,Seedling,11.953319203751484,Yes
64.64054187330855,40.88391232629685,54.474865280199595,Seedling,37.902021050560826,No
15.695091876818319,21.50219400272327,60.99328565242212,Flowering,38.00027724810492,Yes
35.5180504235009,17.87143666560485,52.461200165710196,Seedling,15.629901245415006,No
77.59002487755636,15.709157581390091,23.292495698225384,Maturity,20.53413165051414,No
11.86175485886607,34.25914501329798,32.431233486511694,Flowering,10.484513871510043,Yes
75.15747860711487,33.212821082663424,53.41562290564182,Seedling,48.828051166145215,No
32.548381981872,31.4009223814221,35.688909905594585,Vegetative,32.28012885292058,Yes
19.4531862097325,21.958412883479262,23.748427149475905,Seedling,46.727194035775774,Yes
65.73897322913206,26.72717987716544,83.27372480388678,Seedling,15.169277181456659,No
60.31542774239072,32.83429005558519,93.58943968730868,Seedling,39.094545649844484,No
80.19776108216423,29.90300576577508,79.48571554975545,Flowering,38.2929321942371,No
68.80568350431086,44.63356560644662,84.03386912785002,Maturity,34.582782593327074,No
74.27847443078788,19.093192576701995,38.1482847737784,Vegetative,48.28194876334002,No
32.562765805704515,35.85433662142781,92.04702316348998,Seedling,19.677766805315777,Yes
24.195163502377824,27.129563043128762,34.76942783400713,Maturity,6.535866179487865,Yes
70.04918013126867,27.84598844776844,91.35723577713742,Maturity,33.58544296220304,No
74.54677914138112,36.52793296974529,94.61144704744633,Flowering,36.46549002386031,No
89.24041136005387,35.77308453973109,73.37921043095366,Vegetative,28.753028672940733,No
43.00941415291412,44.73767981106565,93.58577988438664,Flowering,10.340894656669814,Yes
39.761446863422655,18.851828683623758,62.71548346753278,Maturity,25.222797083467768,No
72.11303685935974,18.123289481524992,39.465633738206776,Maturity,15.60948682845647,No
37.264283220241424,36.730164513862235,52.77469142492156,Maturity,21.373326408334453,No
84.46058604828518,32.351607510192274,64.51707015340895,Flowering,32.260928792233194,No
78.67302014744095,23.224819996794174,25.481117152026123,Vegetative,37.26073713454173,No
44.319522190001464,17.382581069669598,66.67574484629345,Seedling,11.611234545067155,No
70.06968542331978,17.569747487892915,93.58833775717208,Flowering,20.266268032347668,No
70.36342992677459,41.82572623992355,34.25807373377957,Maturity,13.45807854958146,Yes
18.24990950687461,20.756019741562287,79.44463372162875,Flowering,9.931580693093455,Yes
82.20423253436533,24.701146863465624,88.09240953347145,Maturity,39.16936099979192,No
50.42018979582857,21.79969206680964,90.77761946151657,Seedling,45.46263472184962,No
76.11659728861933,25.64988917495812,92.01017033040854,Seedling,18.511609284228836,No
35.603968082448944,17.0827152823828,59.1094729041104,Vegetative,37.56394621868834,No
81.64185827969604,30.57179372724811,93.29809309936277,Maturity,44.849764468220556,No
41.13613429873305,17.028376907766447,76.79826553508292,Vegetative,42.30621052651158,No
10.867012118423869,39.01069523467085,32.12535771777214,Vegetative,9.140669426961296,Yes
82.4305581135411,22.01136245731299,55.76750798509775,Seedling,47.81459407566807,No
17.302934142890685,31.200357438135317,73.8748381529003,Flowering,18.833822021473125,Yes
35.54509100723319,41.40237262684374,38.55052368643125,Flowering,16.962033058691816,Yes
86.0049573640644,34.52632107141582,68.04613876616655,Vegetative,3.1215663638890168,Yes
86.04857175500449,30.988733596540058,69.99503592849643,Seedling,24.30868270524415,No
55.87503104986289,24.730012593461268,32.20248078564244,Maturity,5.450680782046435,No
60.54697697358394,24.990057391745935,62.38139843395672,Flowering,12.426991046371299,No
45.87564175826558,35.0846086559457,77.87201832339558,Vegetative,15.847131088364069,Yes
33.456861735845166,44.82418083663502,57.41717484019564,Flowering,40.4413161745842,Yes
36.29316362959328,34.85517569548136,20.907733758208057,Flowering,43.77443251979483,Yes
63.801476486163075,31.733502521100746,20.677885180946912,Maturity,15.123315873073484,No
70.1899623550144,36.919515307177384,46.777200797750915,Seedling,42.93490606222869,No
73.32632349806788,28.956168368511545,89.46455513238365,Maturity,42.861546868489555,No
73.16945142356431,16.804270278023555,37.15075847027066,Seedling,38.232547519243674,No
17.29648824389523,31.868904476337296,67.57727666537653,Flowering,7.334755700759077,Yes
49.553624376206514,43.728758535161404,36.655690301999044,Vegetative,34.51614234503645,Yes
14.604700801331543,20.25908827072979,44.125249224466145,Maturity,47.25120322902844,Yes
53.96231058589884,35.70014672461997,83.6031567201113,Seedling,34.12702393835785,No
45.32244010987016,21.028010659771695,74.66460817024601,Flowering,16.580842455391696,No
81.01633462066398,31.074830534192436,27.154945798490797,Seedling,25.028965871541565,No
38.07320100416629,17.900293489401587,52.152651573982524,Seedling,32.28625216755268,No
19.36536131420847,28.511128087745554,22.187732273394836,Seedling,25.52852043642518,Yes
21.43933456422687,37.68489986685738,56.06676099522567,Flowering,5.997647086548491,Yes
70.92085053739778,25.42714572716946,69.6825508775801,Vegetative,15.603202232601031,No
59.45744506530089,34.94735173461654,28.887696769861368,Vegetative,40.119801527681624,Yes
18.08981408982322,38.86349882369188,41.66637041818743,Vegetative,43.07090230477587,Yes
16.728544489199795,42.81533458438358,49.83774691266177,Seedling,6.865001635778512,Yes
66.0775305167296,22.039262455663607,88.96482684920373,Flowering,47.61933761993623,No
15.821040509135482,26.979477474279243,94.4941261567223,Seedling,16.441130892430465,No
75.7488047432285,19.57248039991252,23.36834742467119,Vegetative,33.115686936536,No
66.4993781725197,44.77450506475125,77.0755942621544,Vegetative,37.591257297834055,No
16.50790245135198,42.81002903772886,47.879304980175746,Flowering,40.59731173189417,Yes
16.787017126815353,31.19871390841679,49.434363967211,Seedling,47.287485111296505,No
88.93116628009403,40.26099883129264,76.5698730010267,Maturity,15.64597740144113,No
39.941663660489624,30.628739318161266,88.88198241090565,Maturity,42.92532272757772,No
39.65137176535127,33.70757064008279,91.31964458769113,Vegetative,6.584345171810352,Yes
75.0239653806002,17.673732963480496,63.284193952874055,Flowering,35.25204531767964,No
85.7798861907087,37.65811261490424,46.78408694753771,Seedling,37.098886475699295,No
88.88008510582966,18.831404509057045,79.06618143940844,Seedling,33.88616206006602,No
70.27025482071534,39.78202890757585,38.82510374467252,Vegetative,12.61573680675765,Yes
40.10076684247326,38.46084263011158,62.305552162513834,Vegetative,43.65215735076017,Yes
16.6800573358935,36.26234093228929,46.89338461436549,Seedling,8.44292316851975,Yes
72.17175327419494,16.084811415742863,69.24733052809071,Seedling,2.681739576041542,No
54.6723399788644,24.093850678359857,38.02991846701302,Vegetative,35.87324953059561,No
43.937760739758104,22.893377097325285,34.36947093011193,Seedling,23.773785761636685,No
82.50835080757888,25.80409222414557,88.86793150065778,Maturity,42.454900997933805,No
18.895798584492105,17.629282402915155,27.635276221215268,Vegetative,19.16985705291295,Yes
49.41000834326873,43.10873469093188,57.946843080119876,Seedling,8.413929425385641,Yes
10.908291581393526,31.61406722137129,36.56395872222567,Vegetative,41.82210962349349,Yes
47.4928513595301,24.165729319740706,22.919747249425058,Flowering,27.445481582003584,Yes
14.504262054546988,26.9094455122285,22.701411371856977,Vegetative,9.459789619517744,Yes
19.505433301445755,28.41607621514507,33.14163290793705,Vegetative,36.01919992932229,Yes
19.40209974216839,33.01783000081852,85.00777658795002,Flowering,25.555681924475028,Yes
61.93682416928509,30.470382830894934,41.185905798277,Maturity,30.215649112015992,No
69.68359034123387,42.58175919643252,91.28443779314718,Seedling,23.044916910329093,No
56.66950120777277,29.908904487174908,63.62167197418952,Flowering,41.43544919090032,No
86.97380387796335,44.764740444699385,52.74606423265746,Vegetative,41.47813578415249,No
39.98964636189633,40.54274873235288,63.5066626002091,Seedling,35.46944109121931,No
32.85696690254886,21.255315430720074,58.75237889197008,Flowering,5.270068869823113,Yes
79.48793025515683,42.91785643931749,76.90821903179938,Seedling,41.942693095203445,No
27.88766708155621,18.49099193656428,41.18720494796392,Seedling,33.55064902664549,Yes
87.0578031552489,39.523491254735745,46.47877937002268,Flowering,34.85120830021498,No
10.972357975185307,26.418698804297403,87.0570726899938,Seedling,18.149142020193583,No
87.59030613661112,41.33922961335209,90.9842384862804,Maturity,43.963977807850334,No
13.452792956046089,41.04170070322351,86.94186706148558,Flowering,36.26858001174288,Yes
81.29144909584569,39.177762003528635,51.45859954679852,Maturity,5.629523326459723,No
52.21608872690399,38.70091308921184,78.52741272551613,Vegetative,20.388901720308134,No
89.43718368954403,24.140374172941222,55.72517999758241,Seedling,44.319018098007085,No
15.903725178831909,17.427578491537567,57.31548891095766,Vegetative,2.3598350848689496,Yes
54.30834275210566,27.089405362954842,35.3510081792963,Vegetative,48.07083098210248,No
87.54420284952792,20.20573544959526,64.33477274438874,Seedling,33.95812841597814,No
51.847827533611905,35.848532667073854,33.96019233150109,Flowering,31.56879888216883,Yes
60.351891050821,25.382991796133567,44.86735243003953,Seedling,13.52796282439957,No
65.65989511876937,44.26830602579744,84.12726512149514,Vegetative,12.439589436958853,Yes
46.36328518142186,34.22916232035996,35.53068569081414,Vegetative,47.102910974429776,Yes
60.204646406725075,39.674416909030825,25.33687138800746,Flowering,14.913622711706138,Yes
56.74514495384802,18.975740182255453,25.175569445961223,Seedling,38.77526483594997,No
82.09264083927911,40.86043446817868,90.5588390377331,Vegetative,19.65608991035396,No
13.63571042731663,42.68271571540183,58.019032847137595,Maturity,6.962703539235199,Yes
32.477055167378424,29.611857564568076,50.70590538627637,Vegetative,0.5357648847679475,Yes
86.0329187261247,33.18758813252933,80.81589357559389,Vegetative,27.21286685076254,No
81.2211027112733,37.94429402708987,82.6869445932887,Flowering,48.78894092744663,No
46.45254022285704,20.245158817812374,44.91432748367035,Maturity,18.456809690460226,No
59.61060782412294,30.07698229390327,72.02135431053463,Vegetative,17.859616699652243,No
32.19049463849061,26.959890833169393,77.83421118889149,Vegetative,17.204580892472105,Yes
25.049692777900905,19.391219764867472,69.09880151494659,Maturity,26.027191865242923,No
47.09587239519857,26.02603266874594,31.369630610007455,Seedling,22.033244171214676,No
38.268178242084225,17.045169281564807,85.69123126377927,Seedling,43.99573133635072,No
56.692488948069766,15.77435720848461,60.432091455200656,Vegetative,25.276039586174516,No
16.218770957198785,19.054988674644683,41.18543197775028,Vegetative,25.38789190942844,Yes
87.95158461329332,43.89345334767522,51.89211390782704,Seedling,6.91857973602783,No
88.89685955836823,31.48588607685051,22.817831779918052,Flowering,49.136977045519295,No
65.85293712157961,43.974664834596595,29.590010091681314,Maturity,12.498644543441484,Yes
52.88770930752963,27.97493634990396,77.41600628868957,Maturity,3.668203372980133,No
34.76220930290622,24.35448399255779,20.00087260665246,Flowering,33.15731244876044,Yes
75.10360157655589,30.18425588520732,51.242437136171915,Flowering,29.768318507843635,No
64.77849380431034,28.185350658987304,59.188263581419136,Flowering,20.757282699637287,No
23.009355147591304,18.16994052785232,24.09758150007292,Flowering,21.1096116940339,Yes
82.8741747595074,34.22478944070619,92.98086222292497,Flowering,39.253196052321556,No
75.80297943385352,21.48114547528799,36.95939984372539,Flowering,9.785632004982453,Yes
85.98399306335392,33.58763864693489,42.81490397272107,Maturity,41.012665947244486,No
68.0575606710688,34.506032771944604,42.795688419127046,Flowering,32.437355694750906,Yes
59.07321567486319,19.560745593859444,37.281249658801244,Seedling,20.94848868897622,No
43.45944290324951,16.840488813320043,20.110536656473357,Flowering,22.90143082919343,Yes
84.61827866832107,38.422847582053194,74.70085955659972,Flowering,12.83236035930479,Yes
79.28511116003267,28.794012713079603,92.5134124849464,Maturity,37.60571663484874,No
13.617493608495153,16.744913865164275,36.82201124637838,Maturity,25.643737115263388,Yes
12.10935795978016,44.84598951509301,69.72853938525668,Flowering,16.04272713749218,Yes
40.117069350243966,16.733416829891,75.64222452190364,Maturity,29.80250578804751,No
74.84426646254663,35.8510568657566,83.63190343178935,Vegetative,49.78672260256615,No
88.98209034519556,44.51036775790241,51.697189776020686,Maturity,21.763113982827694,No
22.033351288282255,22.175403126477768,42.719817923032195,Maturity,46.03457003893098,Yes
57.53045722817081,19.267481060615886,44.39713505172733,Maturity,17.250841996228306,No
40.47126853048172,18.641548182672867,73.44659998238846,Maturity,2.7366353462492943,Yes
87.59315182516826,24.098254427027868,81.2584599879227,Seedling,10.212105318421443,No
77.36951385085669,18.0313743303194,33.6210475817452,Seedling,20.93475716638421,No
77.06629637689103,35.76484025082396,47.82057561183239,Seedling,10.981746429728451,No
47.49545278359762,16.86875394390188,87.64551475618626,Flowering,0.011351910912776875,Yes
43.185560187013216,30.28266384449369,80.50201397710543,Flowering,45.75007688737636,No
31.8725657544565,44.9009056155893,93.86438020718569,Vegetative,42.19397056154645,Yes
14.51003973207417,39.41910808518057,76.56861947615606,Seedling,37.11461157434736,Yes
79.17779010040425,33.45658314693033,49.489640077094165,Flowering,8.390729782301431,Yes
75.03208073040621,24.18760862359835,64.29783754959783,Maturity,6.018178810499303,No
89.97741386289044,33.716875088749156,69.57606906854903,Maturity,3.3802374736191574,Yes
89.73094696591244,30.81124391734955,25.884186223784297,Seedling,36.20145943864606,No
54.434536448210196,27.782501516711143,60.83727193278988,Vegetative,46.44039803439426,No
71.51899321444084,18.921311302205986,73.19906213544571,Vegetative,21.526791045651848,No
85.58125839059424,41.598126457214,32.54909780007953,Maturity,5.957033599802408,Yes
77.97179125419292,28.493539464639674,78.54737880691678,Vegetative,25.61964103660533,No
29.78784813945581,20.83867535462295,63.782958538558375,Seedling,17.441595372931506,No
46.04353082480748,26.03278052631869,91.4166339273196,Maturity,18.741246217499885,No
20.3327532121196,27.42389257586781,23.181672365516878,Flowering,31.066531207785363,Yes
86.32408218069779,39.82613686700623,39.899460316660026,Flowering,35.93590566311012,Yes
58.493970756070404,37.00843141684206,65.11654094748681,Vegetative,5.530179943658043,Yes
28.29142444027702,38.07914680924019,42.2419934154448,Maturity,1.7795115403238193,Yes
63.73605475246854,15.330937932859417,73.58181230534316,Maturity,49.71651513428574,No
59.450259236631666,27.484619945392843,76.92539618914483,Flowering,11.636417445777592,No
38.65301744262724,29.44032454905971,27.688697304985585,Maturity,2.6915262454229536,Yes
19.08460737597032,15.575768304691701,58.53908481550758,Maturity,9.493766454795999,Yes
63.72585564742397,22.79439626235103,58.16679166932919,Maturity,1.947892317423211,No
51.62461607230347,37.80869469366405,47.69605776616558,Vegetative,19.590544730858582,No
71.78547133885115,19.11329117186997,89.9693646927254,Maturity,40.120089222566214,No
51.61308008895947,31.05930394357775,82.0629739904916,Seedling,17.062222487886032,No
78.1745200254832,21.456056160517125,72.29070364322276,Vegetative,22.209170343918327,No
54.152547101958845,15.363623239316798,73.57449768012481,Maturity,33.77933867837194,No
54.8750377228309,22.236043727986242,54.628710785983934,Maturity,25.444703503494008,No
80.1322882126676,44.27621264730161,89.0745890822432,Seedling,43.07228430106621,No
42.27862929699177,39.046113356489684,72.0946570439964,Vegetative,43.301783752287825,Yes
20.72121827605126,43.787299329631,74.67357962418623,Flowering,0.49553477455768213,Yes
12.302614105067118,29.63562131779087,84.6268177840509,Flowering,38.90231532415996,Yes
70.41098045388952,18.292085960325103,40.55536920066433,Vegetative,23.036680012083693,No
59.624764108277176,31.43878466921079,80.53031779000273,Maturity,49.442027065183154,No
66.32638144793788,28.631320036798826,34.643045221736905,Maturity,24.161603793771757,No
27.037132920712857,40.330712482188474,45.90064641836659,Flowering,49.344797269414876,Yes
20.90971804694158,17.942477423527336,45.1707840702382,Flowering,37.72846806028683,Yes
11.163573253430554,29.647234110653343,93.38941012918555,Flowering,12.430244230665316,Yes
38.04700470452776,19.50145994081953,84.24029178109451,Seedling,26.919748964347885,No
57.193414948370645,24.740277806701798,72.58773961926948,Flowering,49.60678197392914,No
41.379523607978584,37.12071232163399,74.52925712115426,Seedling,42.87653038759618,No
44.99799376189833,29.280543881062997,62.15545958019283,Vegetative,4.868344689561055,Yes
82.33269555949987,26.276648554373082,91.03180003313894,Maturity,35.3185998404998,No
37.86043736186403,26.83428835710106,57.21940646617711,Flowering,17.27897929354065,No
51.119159132784866,28.7834030521796,48.53882824024209,Maturity,0.34911309401740587,No
72.69224101929144,38.55049631511171,32.22765026986933,Maturity,20.17404845134998,No
41.72342258570161,41.76254066820703,78.96542391957935,Flowering,11.737721086248564,Yes
59.76693601822988,43.66004059511785,75.08329490566936,Flowering,40.94346352602358,No
78.98909669973962,38.60710158765885,48.82662788931012,Vegetative,16.866530442288273,No
85.96164989261138,24.462206872440383,21.889506046942202,Seedling,41.37618469769085,No
21.765878474323035,35.64404118259627,82.92479957885081,Seedling,0.029896941739765426,Yes
84.12701001291956,28.128093721661756,20.85634875905552,Maturity,15.390957501305957,No
49.369303446363055,22.640118661381536,72.77748347217883,Flowering,12.058260715388098,Yes
30.659551063916666,40.22614738277768,92.76928322945427,Vegetative,11.67836805343055,Yes
46.7308604990609,16.15279046886975,52.82459961111526,Vegetative,3.409330988273135,Yes
88.40260602283817,42.0528597640627,37.62300537469646,Vegetative,9.356213520525086,Yes
49.40944751942957,28.844323938742026,72.86532575325363,Vegetative,27.777478494280995,No
36.300128823000655,34.11604430424841,81.28461065116889,Vegetative,14.568053641887225,Yes
60.67206834533806,34.780617666173484,60.98227370583855,Seedling,20.869739116457396,No
29.211649502255447,41.85353222119609,92.52764564421096,Seedling,18.843344017359424,Yes
16.06906624869311,34.10009046501622,23.875154124347084,Seedling,43.795246249994726,Yes
20.310377752851938,33.41800754280185,57.85966987283961,Flowering,45.264949950525775,Yes
20.243667116621793,16.999561216820698,73.88404604919126,Maturity,24.647848582793003,No
22.15221548098355,30.552240658356123,84.69803533618843,Vegetative,16.50779751578022,Yes
21.10617381195281,19.505070024511248,33.444170893084255,Flowering,5.340035200118182,Yes
61.26997958425717,37.12301306164457,80.00026113227611,Vegetative,47.67014396910475,No
24.550406751931586,30.366657624380235,61.4530306788909,Seedling,3.0113472450148726,Yes
37.65338266590906,35.4068333762506,49.74152614924724,Flowering,14.882513878414022,Yes
81.74307279248094,16.25018701807153,29.878627143432016,Seedling,14.903310058500207,No
47.916931221029785,17.543760481374097,84.89718191816843,Vegetative,16.020064307010745,No
63.40461908168217,36.48970164188047,31.795490613478652,Vegetative,8.214342163620463,Yes
23.785589696130387,17.162530079960202,43.23408944068244,Maturity,39.15807154618486,Yes
25.383121504693662,17.13770183295776,41.753414897182765,Vegetative,6.124893098299461,Yes
13.269489301318309,15.363254257046624,85.35605256431407,Seedling,31.74533295765814,No
23.514805045773166,43.695041948984404,70.45272456566735,Vegetative,6.192301335290873,Yes
32.287227122556686,37.12525078377021,79.75110478935292,Maturity,3.526781879647828,Yes
24.160838742139745,25.597542255061924,38.785092409437425,Maturity,45.47147518429382,Yes
17.096202700564447,23.896067438629657,66.86555747052492,Seedling,9.506438315935284,Yes
19.650869688048065,25.491096892375488,62.88094873578115,Flowering,41.06250772798521,Yes
46.86230144261806,38.239605935435456,82.46227825912032,Vegetative,27.23154355535679,Yes
26.5066974724634,34.84111833211243,87.95652953609454,Maturity,3.89282598043848,Yes
39.14158888384604,20.55586703602404,20.91175786080401,Vegetative,47.772409571903374,Yes
50.27338166838855,20.22328006002253,70.55149392940945,Vegetative,12.348058349594627,No
65.23158629034923,17.95186949140192,23.887684933979678,Flowering,42.98226726763033,No
13.144971187287915,34.80908159104014,61.164399880801696,Maturity,8.44050028922821,Yes
73.95283191272341,37.93117986665208,41.57245467827586,Vegetative,42.69714410709264,Yes
60.23203115927262,22.95139284975012,43.00824496416059,Maturity,0.6614406452646993,Yes
16.540722555909753,15.628348830927385,46.47188775892674,Seedling,25.589022828474032,No
79.88628992854218,17.46515002429282,66.59693367872076,Seedling,38.472128971077844,No
83.66979204254505,44.035801045350915,45.053747425157695,Vegetative,46.739775874639164,No
14.8862367883891,23.863343324322607,74.95242879427103,Maturity,45.460106810324355,No
32.1502118517763,38.076694435144006,50.339553918040224,Vegetative,40.98124347738224,Yes
74.4961023834449,33.73990706562792,25.126490023246895,Maturity,44.4095674830652,No
69.86077523069267,26.458189189586875,78.78198818630804,Maturity,9.960984291853825,No
24.761681548510186,21.170617865866653,41.43187434445295,Flowering,14.209214785586438,Yes
26.747945866936824,18.641592544782192,52.457515969944694,Flowering,14.448426246052925,Yes
39.63776822331056,33.450389041166,71.40829124164262,Flowering,18.85269655008494,Yes
48.761838815281706,38.23901341913364,44.9342117861534,Vegetative,19.666033519259436,Yes
59.460381722423676,34.317127606233925,24.243924211003673,Flowering,27.227766232733774,Yes
39.51309116558179,30.90906399747475,48.04407852596102,Flowering,7.993988168322069,Yes
47.002777290651835,16.258536702949087,90.83364370207276,Seedling,34.562333189299466,No
69.79767505070052,44.05466332783151,68.13007979739186,Maturity,8.378326965225325,No
12.934656231247832,38.961425749637236,70.36093615004052,Maturity,15.515424105227376,Yes
30.19495554752166,23.78466110102894,67.42116152282298,Flowering,25.167256530307704,Yes
67.0679668707642,44.39910988076552,34.92441042195776,Maturity,39.822028076173865,No
81.61654701497595,33.056447689089666,51.37503980767101,Seedling,36.97346166193636,No
50.93419536925329,32.472679746217395,76.32048487724887,Seedling,32.276717820526116,No
52.569078821225254,37.44219538288596,27.602967316486936,Flowering,7.788663029008508,Yes
18.573760907182084,39.353093642704124,40.83895820672842,Seedling,27.352267280778886,Yes
45.79298934587637,34.69435821994508,40.72393313493902,Maturity,4.3723250899942725,Yes
52.60938131640185,18.842872390986003,52.40141956958795,Vegetative,18.86815883983254,No
29.397640290778373,25.148025179834953,93.52765557066388,Maturity,20.67582651449796,No
31.539458475950475,42.8425092097815,25.062691001286645,Vegetative,1.9905719722876913,Yes
40.18273304836981,21.738468355315558,58.90257457854463,Flowering,13.699404973498591,Yes
11.60569582221811,26.165010715125398,33.45235115091578,Vegetative,47.78247336332447,Yes
35.76633324665426,27.96230648832588,92.8007409057308,Seedling,47.681630391484475,No
26.91584055972357,28.182149690833565,28.497762854559817,Maturity,17.616352712626966,Yes
36.19978817423317,33.38818747483576,50.27007517711934,Vegetative,2.155005447416203,Yes
19.580970545540097,43.29227513234123,75.34137386259546,Maturity,8.954746966409077,Yes
81.2421824591916,22.22078135497515,72.8415821020584,Flowering,19.610889671677008,No
57.48739628432389,18.645041289027542,51.70464776704492,Flowering,47.38898489846149,No
64.32818553155917,20.924114695798117,45.98931259645387,Seedling,7.059953176859246,No
73.13369908858706,41.60774700627809,49.820928391465294,Flowering,38.175792183410614,No
49.87537591432458,34.37432437965618,39.82071973689794,Vegetative,5.434126968734604,Yes
16.953623046993897,23.577203677174804,35.39997040300999,Flowering,49.06287886956384,Yes
52.968523345483824,39.47840816905852,56.22797731691675,Seedling,19.080824955456748,No
56.94728944167033,40.84109989090308,40.14003170507055,Maturity,38.7617269449528,No
69.6351579347464,40.395430160708344,41.55962486729376,Maturity,17.129554140556593,No
44.53276369837435,42.56779600918664,69.25670476059179,Flowering,31.383443857940435,Yes
20.2064242236451,22.567230605200848,92.64029987749191,Vegetative,9.600804237001837,Yes
32.702072463897956,37.65125786238835,65.27279004195313,Seedling,7.301050964848127,Yes
39.046583711890804,28.816184918224202,25.77346002987247,Vegetative,46.903206978406565,Yes
61.6733793065281,40.25995658670185,25.668771039055024,Seedling,45.88236389522167,No
55.662264373512954,36.85472031484839,91.35674156341744,Flowering,44.37344701064412,No
38.4877380718277,38.293423394991734,42.29680927305002,Seedling,31.271672508329672,Yes
88.92121990343837,34.68485513043214,26.90502395618566,Seedling,40.413410560813915,No
58.46198554855097,20.322863084091207,64.92834403627862,Flowering,3.4518468455687454,Yes
28.97814333887956,31.35080756690815,66.77365837176995,Vegetative,16.73945209453396,Yes
18.1425978096323,44.54009218573525,68.63786150890161,Flowering,15.68515623785781,Yes
22.22873113474656,43.12164199491357,40.0551520893156,Seedling,31.78226609763066,Yes
29.67661827076065,16.29521207391035,21.13330131608563,Flowering,17.797888673532025,Yes
22.854509860764452,19.944444471883113,92.37615270908539,Seedling,7.42533908218404,Yes
24.92536192410446,18.951863203636858,38.81697842683269,Flowering,29.823353770677187,Yes
32.807613495507766,36.779397299558866,70.70197160394106,Maturity,40.719196033454075,Yes
23.869887623580386,39.53355989570835,72.99724024090321,Maturity,19.10617472299866,Yes
81.74123397011401,21.40534098932016,65.75055628096143,Flowering,6.613435754924085,No
16.418699652931377,30.175580788554868,43.46805456602362,Vegetative,9.834409865641152,Yes
51.960911165620374,40.221090840336004,40.332219032304934,Seedling,11.8741652584692,Yes
42.83174615917292,36.98404634298752,64.82512120270273,Maturity,14.994879649726812,Yes
88.59028935268852,31.26711616475545,84.95717252087687,Vegetative,32.139753525315456,No
18.963112173444188,32.71043071376319,91.00502966925467,Seedling,30.04727422688595,Yes
41.82844792365933,30.2508164074884,27.942935330281824,Maturity,34.80399307835196,No
87.55763466202951,23.92645353956462,31.61214594482899,Maturity,18.125099226575657,No
79.24057007151842,31.950659785770483,90.85521940873097,Flowering,41.199882593998915,No
75.3657656759424,35.666559061502724,75.24014212510944,Seedling,10.204383057788014,No
30.632226163595185,41.199687475824234,86.22453686223298,Vegetative,23.452037375907697,Yes
23.671006991205267,34.08874061937745,35.197447560150735,Vegetative,40.046936077071514,Yes
63.49145759395448,37.83364611129474,64.06894033320515,Vegetative,9.007932386630962,Yes
84.35007913020686,19.80214904863719,72.58546958131052,Seedling,5.493155687039147,No
54.541031441114384,28.846724232593697,71.00839140852295,Vegetative,44.18419838439949,No
55.72901515759199,15.279948594812799,50.61137681500236,Vegetative,17.146483137959795,No
32.39832749282273,22.40036593564869,21.154616876848134,Vegetative,34.1935062454516,Yes
71.55943465535495,36.79385145339015,63.719454260319736,Flowering,1.267430213196924,Yes
24.96349988460187,44.7542985404809,38.98261543847066,Flowering,34.50234442047248,Yes
35.89433891233949,17.97534298761648,53.769068460716774,Seedling,15.805065577348525,No
44.034915089313344,27.044829475838647,91.81857613128629,Seedling,2.787042679372087,Yes
50.6088302947564,39.00212906097478,49.92764882318261,Vegetative,30.49063807740585,No
29.39277859320642,21.121069038866963,82.98512049983201,Flowering,12.040190803658662,Yes
19.186945979136283,31.65254847906859,34.140545431193836,Maturity,19.340362102594,Yes
58.849603395330604,36.992138880890245,70.43453735187717,Maturity,4.029040614325679,Yes
33.09044425922046,33.479563507805366,93.27552158292076,Vegetative,7.358162554747266,Yes
56.49905771380898,20.640742038462484,27.641982565470258,Vegetative,14.898861774792188,Yes
22.349017221936187,25.661537060572183,20.623995667039402,Flowering,4.487975028007857,Yes
48.4912081483854,38.513753534561914,52.51870944744608,Flowering,45.54131323431576,Yes
52.60715460412687,31.6267954239605,26.94691122885254,Flowering,0.3023521591989209,Yes
14.145882945794153,15.156888406287383,76.12882622571735,Seedling,24.19301094321557,No
36.92834225551365,37.829722800842816,88.59114978864191,Seedling,6.1623729066275725,Yes
20.75317415511794,16.059340648207172,52.551572953156914,Vegetative,15.383954473897427,Yes
15.06999763782142,37.37201348193696,39.40337316165807,Seedling,46.30297799091328,Yes
89.19681859119562,21.074416804957124,52.58024892549573,Flowering,8.084727663699343,No
35.788307597977834,43.74220440358141,74.25858633875008,Flowering,48.29161598591663,Yes
74.7899556683708,26.038222539062534,20.679062118527824,Seedling,10.289718849471086,No
30.371252381101108,24.807948490142373,64.2090492113523,Maturity,37.078305423341476,No
64.52021777791434,19.46664150997334,65.99687636655344,Vegetative,27.333863244865586,No
70.81822879117493,24.168126464706447,67.82661851719516,Maturity,44.22393637983796,No
57.651099248627546,41.29952285484602,38.151655998565786,Vegetative,27.699662775156547,Yes
47.72609508401267,44.890030128817415,73.5539542533595,Maturity,26.727960957815434,No
42.947273131781486,26.049285915205452,26.85436147488323,Seedling,9.772900018419994,Yes
37.90946132343962,28.458318928636277,34.94527523501006,Vegetative,8.311468102582936,Yes
84.36233153982607,36.66212814608211,85.81025349908614,Vegetative,45.82445755577571,No
76.44955262301833,41.585873413952235,75.40423630449249,Vegetative,16.391909942501705,No
87.20215285332101,32.79133002560353,21.030916550850893,Flowering,18.604112748144797,Yes
19.943777878843576,26.745770945334883,38.62821952773501,Flowering,37.99118292141942,Yes
68.46939801629154,27.37865522545871,36.080486224487345,Maturity,16.941174121140367,No
85.06723654568303,35.868544394904205,40.31047460277294,Seedling,47.60312233195014,No
24.498645293252814,15.096547908128361,38.56698277099148,Flowering,36.89638844994001,Yes
15.3197013893422,33.587680123795224,24.68947218071343,Vegetative,29.871462128671,Yes
69.28965194320472,25.664790313240722,54.42053874476152,Flowering,44.04475802723763,No
55.95784905439295,38.82591993831252,74.95501060896238,Seedling,2.480295417474138,Yes
77.34630214066176,17.789719194693966,65.50487935380772,Flowering,12.853134609460437,No
21.18179013010316,32.646068008451714,70.46537514485598,Vegetative,23.251816711045496,Yes
73.62138494879122,29.429186696583713,26.086188390217934,Maturity,11.34892697357605,No
26.130185603819562,34.26976577715682,91.36180326325903,Vegetative,37.195259365107596,Yes
23.09247542925636,16.94560783448905,82.88688753822686,Seedling,45.96040155268626,No
23.141263834479435,32.39951362284394,80.3817738871747,Maturity,21.18850599654617,Yes
75.16597761851057,31.844537638785713,81.72378537813256,Flowering,17.10663000559475,No
63.21577765569601,31.819802832485127,89.9532881099571,Flowering,48.07753660687831,No
51.845233981529546,33.104629997893646,60.81904745852733,Flowering,22.242621641377042,No
38.7064387298802,35.294038116790865,35.02115134007194,Maturity,24.45242002246416,Yes
80.17604326504866,39.14966999042309,66.25877058894059,Vegetative,17.582493617095267,No
41.395608593810834,23.09462160384643,75.71611202509543,Maturity,45.477423650606916,No
75.32795515772617,39.751482305401865,75.34380450155192,Maturity,28.447774164092536,No
45.13079268561747,29.94767046790361,59.10867681251601,Seedling,38.10872935908223,No
40.155554353992606,17.311748374029936,25.134403950018353,Maturity,40.590335917544316,No
47.01438285356851,16.756527877319375,47.83347038225959,Flowering,17.09245209586291,No
34.110229933131365,25.027149560881824,89.0574956347518,Vegetative,21.684716566019002,Yes
69.80875041410009,38.54690931334403,63.83366823180695,Vegetative,42.423588720313234,No
50.217631207398334,36.23042804222747,60.37489574417851,Vegetative,18.16276758379051,No
28.577015611745384,38.65844894017219,40.16401357866451,Flowering,39.696756672592564,Yes
81.96596586196547,30.51807169324828,47.63366899374341,Flowering,47.04961612872186,No
40.711297709856915,28.205969938664715,87.15095668648769,Flowering,31.16051865340035,No
53.48422888911909,19.42357580118852,69.98472856451268,Flowering,37.08136437259444,No
82.51776887716376,24.845782608279347,79.05402700642497,Flowering,40.254865602056746,No
59.93903967311937,28.020580985216256,54.07590673007414,Maturity,42.25198244483212,No
19.351843256669127,17.658012890388516,67.26854145921185,Flowering,19.752666892839798,Yes
85.18656988907802,21.618358581336338,38.62877065574057,Flowering,2.5631729587999086,Yes
60.216644245713425,32.94675882191217,72.90956227126148,Flowering,20.093813561836978,No
36.79244917256689,37.0698934271757,52.0701000277503,Flowering,33.68781148920449,Yes
21.141765813070982,44.95042534178849,53.19091361110592,Vegetative,22.51751928903964,Yes
73.52201514162368,42.99339994030673,68.69917434326612,Flowering,37.448157543019924,No
59.60582047428108,34.27695598605575,90.2210466101695,Maturity,17.849121473433193,No
52.67688735810572,27.63744159882216,24.80047599564657,Maturity,31.737207055201477,No
81.51140664407662,34.08532094124698,81.85574280102557,Maturity,9.320990242698729,No
73.08777689796246,38.56954854240696,41.928733280914486,Seedling,37.46847183224784,No
22.133990378620094,18.55008572770162,53.29395908797834,Vegetative,27.284798440651294,Yes
34.93776542364386,27.297146690888646,21.64349965812567,Flowering,10.20321942733003,Yes
29.87913118515726,40.19406856906852,42.57845583757348,Seedling,14.595558674890363,Yes
69.51570340581415,26.51498855799132,57.697343197259784,Flowering,37.43043542909162,No
12.68259477886235,32.156168136815594,24.213205801057924,Seedling,24.130061783076034,Yes
55.59117478970532,32.633080825865946,56.83217970373739,Seedling,10.80157201965361,No
70.99669485925524,20.53428759400918,89.53329716438205,Maturity,48.36355951851488,No
80.14125094093995,25.867063249568652,27.90449135808539,Maturity,35.75625099084439,No
37.366539897272595,25.035338662257963,77.33305460566282,Seedling,47.85674162698981,No
75.70058437376103,15.785901255961944,50.72532900319945,Maturity,21.35525226801716,No
18.850538956416578,15.725752916740657,69.13802858932536,Seedling,23.755017034586025,No
77.71618333876145,39.9509113102732,39.51774484889221,Vegetative,44.89776080925096,Yes
20.199092986558593,23.19212429918437,31.96191969060187,Maturity,26.252467012269232,Yes
41.78298324482938,30.542362987164463,32.03469607034198,Maturity,35.36394559528336,No
73.78362926236429,23.961767207663193,25.28689592323585,Maturity,12.608643874776499,No
21.993394187901902,43.220377353460215,33.92350286759323,Vegetative,22.336323435132027,Yes
28.340111618611317,22.778902765973214,69.81645387417262,Seedling,6.172493290517755,Yes
67.7802054714453,27.889704382168052,86.1267958882631,Flowering,10.299001793848085,No
67.60292292368595,41.181907514538054,81.05942641933714,Maturity,0.04717076338155435,Yes
61.29181063082378,40.25800700375426,71.38507324058631,Seedling,1.9632525824330116,Yes
65.515875557368,20.58304253538832,28.2823897558327,Vegetative,48.86419115884647,No
53.417955467807694,39.079299293871316,41.68905847219624,Flowering,12.117684756838115,Yes
30.14392471255622,28.74560660213678,43.235515649185174,Maturity,33.165535475200095,Yes
37.65567948031355,29.489066162560654,38.74677097982159,Vegetative,41.95498493998058,Yes
24.527817344114055,19.004399172478315,58.625424478229235,Vegetative,27.533022961828213,Yes
82.67604490669027,17.418045412713738,60.16653611597544,Flowering,7.65722500419781,No
56.671343581289634,36.83817920921295,46.766448137833265,Seedling,36.40582186680832,No
42.06811334109119,29.893834570658992,46.5341869052327,Maturity,30.012570504979152,No
46.96046429153061,28.105521078455386,82.1416698429561,Maturity,36.562529467368755,No
85.78266716894522,36.8852468595719,79.19696362397642,Seedling,38.48733114285436,No
22.268112249286418,37.96538696973329,43.084687376055925,Seedling,48.770518384237256,Yes
56.89838656134378,19.76724503008061,88.53413329049445,Seedling,28.6781640013355,No
50.47109431075728,33.30675448432924,91.46112627518795,Flowering,17.082055634530093,No
58.91633883477183,19.060622468330564,44.505690652253065,Flowering,32.42322784501185,No
11.44881470566724,37.54125258087137,46.581871159479114,Maturity,3.4220354621313067,Yes
79.76991271553212,34.708654688014185,57.922561506646915,Flowering,44.86986591607931,No
84.56946259868899,43.69843863250374,90.58406094002551,Vegetative,5.969050566909839,Yes
55.21065468713672,17.068740490692637,85.72395748567337,Maturity,16.392141894290912,No
65.73206591015138,16.711641634537628,27.692597193769235,Flowering,40.787269031306046,No
83.79995049418366,23.465612240796005,49.45480574535622,Seedling,29.865618916535592,No
66.57909074507188,22.85117051207718,61.50283923123289,Vegetative,19.681776013872103,No
22.20312343314091,22.409363972159994,57.7349354413655,Seedling,23.67178296875107,No
56.103068813345054,42.1876374156311,34.53973009526695,Maturity,42.72736966010902,No
58.537203710628475,22.486385995485183,84.4112578376116,Seedling,17.00021930299461,No
43.93045370419088,23.158491783858928,70.7705587247628,Flowering,43.482484240608564,No
68.91553884997782,37.78194787253891,82.84312811388527,Flowering,4.406721548834574,Yes
84.74936118152118,28.492195273516202,84.40732095121041,Maturity,38.83992186043154,No
84.04548103254211,38.301316708655435,76.12668902493049,Seedling,42.377381652736815,No
46.06714971233057,16.960984726931557,52.9407950937288,Maturity,9.090882641866937,No
19.05904366726042,29.62713581020153,65.79100662615684,Seedling,21.51732661861002,No
88.78729591698676,16.008408005498477,32.02740545898074,Vegetative,8.27498873318278,Yes
77.11184691567473,16.879596103660635,70.52340631061807,Flowering,35.330206449710886,No
19.97301449626135,42.19312360033233,33.443994180446055,Maturity,26.767388403082837,Yes
83.66735060938979,19.177361133527853,72.04621928826177,Vegetative,31.76616733541605,No
79.59170896497027,30.972620468256515,37.219862056547655,Vegetative,9.824348347810558,Yes
51.50704457008577,27.332868078021196,28.8163475112665,Maturity,10.587293102620976,No
57.30203485959434,25.42029978776528,32.39633676072181,Maturity,2.074866275495318,Yes
41.920216309610424,41.99500037061817,20.14941014143027,Vegetative,16.103376759786485,Yes
14.380931105762507,15.654701903264685,73.90547133901477,Seedling,27.987233066683746,No
36.815779331672076,34.91369058526767,74.93007867937843,Vegetative,42.89674569986644,Yes
74.22827588784091,43.901833026406514,58.62000124349446,Maturity,33.346372372934034,No
10.370561840368229,31.805045503855258,32.10221007915378,Vegetative,21.76981616998757,Yes
36.679933735291534,43.104673860992754,26.26657531330173,Seedling,47.65600571970689,Yes
41.85349548727547,16.56773637858071,21.434672482796525,Flowering,35.96226002879159,Yes
52.99164823503383,27.56379957222484,32.431113272391556,Flowering,46.5082601431275,No
83.58844931302085,22.804733728861535,86.814165123736,Vegetative,26.379398663608285,No
37.707679549276904,36.924628949421894,38.115263127626136,Seedling,12.94521373965698,Yes
37.75625615169822,44.4389127149174,46.57034954129118,Flowering,2.6413343182360993,Yes
69.00009984877987,22.695901873327436,27.900911336099988,Vegetative,36.30424257419252,No
46.17743527118457,34.62523804422223,36.677097856112766,Vegetative,6.065149900276706,Yes
27.968385835198557,20.942928982792203,58.94184280851538,Seedling,15.138756413598358,No
46.195161290615474,31.959907637148298,65.58145123217395,Maturity,26.62354539419487,No
21.26856163038399,28.917974600650084,38.40142356246583,Vegetative,28.220829388987383,Yes
24.110958920497865,44.16015988894611,24.32991194188379,Maturity,30.0291598493568,Yes
49.869421819158376,33.255818180893996,49.327465184554896,Maturity,8.312766517485032,Yes
43.514035960363834,25.485191162604565,37.56525281947506,Flowering,18.98687024108244,Yes
83.187672085448,18.422873546638,36.466544242235145,Maturity,30.859711355848336,No
38.99151192933065,19.537404862048035,91.98971020350915,Seedling,48.490943231689236,No
56.44706802224348,21.759507898537052,66.2225364444293,Flowering,36.381556884984434,No
60.58114303356243,22.52899984020894,61.76588323790719,Flowering,46.130187854697894,No
11.047556527066691,40.51848173523413,51.183132764249144,Flowering,38.11060291570885,Yes
63.08298976133685,31.83668364847575,52.17082500726082,Vegetative,29.585848444620023,No
24.242877349580112,30.701727341230992,60.56787528785606,Vegetative,9.601168456817227,Yes
86.88562539755641,18.443066156076526,72.23223552770804,Maturity,33.334282594625655,No
21.893018220249036,40.80419080048305,72.6609572136372,Flowering,31.168978297995352,Yes
43.1699298981619,36.68442909625451,32.877043077908716,Flowering,30.123458522863324,Yes
16.82797344629151,17.03005085700005,57.508456405747026,Seedling,24.489293399412038,No
89.74994014767579,36.23505291689306,50.89685712755765,Maturity,26.43283019946378,No
50.175600826499405,31.30614652027938,85.28952247020382,Seedling,16.722126355905203,No
57.630801385603505,17.45176037240335,67.35641909137823,Maturity,25.965634632115158,No
15.366118191074198,28.749019245859692,59.93780498119864,Maturity,9.877795283923913,Yes
69.99683763193423,29.54088861390141,28.654598163418804,Vegetative,40.25871986801884,No
26.79244744764686,19.97323620489827,65.42284169925586,Vegetative,9.288847734935391,Yes
81.84434315525709,43.37094441000847,28.790292926017507,Seedling,4.248314494473321,Yes
26.411171238560573,40.49926114441986,45.29049316743141,Maturity,21.81230131785787,Yes
25.255017653093326,35.07067011987325,30.71314736107489,Flowering,32.915371975303096,Yes
12.92397342784759,28.868866830018217,71.90552352682766,Vegetative,21.885841246677067,Yes
47.765355608799936,27.352966247535257,35.46890853771144,Flowering,13.83770659756543,Yes
55.187290661009314,34.529204014528624,49.389452989101954,Seedling,27.908559194522038,No
15.25669115426819,31.362956082207162,87.1756083214084,Vegetative,17.350116770609997,Yes
72.04220933560084,16.86819317645657,35.32372875492277,Vegetative,46.64338450633166,No
46.26310677984221,30.37507946310995,58.085379796908434,Maturity,46.1322569801786,No
51.951221546206405,39.192108516985186,51.44537458745165,Seedling,25.118590998604773,No
45.26101975505825,28.77719632790874,21.35930307842973,Maturity,16.394199700912925,No
42.06104487002608,16.558697326628053,79.45685851796097,Vegetative,36.85662069783196,No
54.771226504657434,38.588345981520995,25.17844297359498,Seedling,1.835647174153332,Yes
22.419219674457,21.04091346407923,55.56912657327152,Vegetative,23.738450302182564,Yes
24.55425043962169,22.758625046641164,62.050872120421246,Seedling,16.816169713516675,No
78.94284968108138,19.941190602968877,67.13198424609402,Vegetative,46.02679425512773,No
85.68923697069062,24.906451946144927,71.64737219809066,Flowering,0.6001513636341271,Yes
39.864745302380236,37.70254517065905,38.99542876420363,Flowering,27.640743785917454,Yes
31.659573851484303,30.58157578511812,20.748408249383704,Maturity,37.0331790533313,Yes
61.51996345912126,21.146438224521376,74.2582746766184,Flowering,24.250899376202064,No
42.698733687847714,41.33490234456123,60.174244951068395,Vegetative,4.270151508136083,Yes
12.030908452827589,41.387455648545874,82.70882774054365,Vegetative,48.62306950139511,Yes
22.49220778929523,41.11735275138021,81.60412721755208,Flowering,25.900521568804898,Yes
67.2777783077918,22.16388634144618,83.24946258409125,Maturity,30.70931221595057,No
62.71391535281211,28.537180325429645,56.382099498465514,Flowering,11.830489135375366,No
12.16767940027868,44.54968968422625,45.022129687764924,Seedling,24.17490425534019,Yes
27.757772954635954,38.16037428929971,79.36686519435275,Seedling,21.457474597916093,Yes
28.485983727045713,15.815022636766795,53.84705847719412,Seedling,3.744792100099187,Yes
63.751419487898275,16.95613773781476,33.75816473025759,Flowering,5.308017677373361,Yes
11.576843020349132,28.917941304369982,84.12305146711057,Flowering,41.873625980938726,Yes
18.32868655876591,42.27660617584681,86.19199075792605,Flowering,11.990997610329512,Yes
73.99328682985515,31.161053938581425,54.973231710512756,Seedling,9.747913574931527,No
24.28357296434669,29.934375241028707,25.67747954823406,Maturity,25.24557256250696,Yes
62.219688628149974,18.164210998698916,49.086956743769846,Vegetative,38.437356568125644,No
29.05462248373812,34.70340314172882,80.26532445969525,Flowering,3.097325928949396,Yes
17.955311420747613,39.66309481800677,87.63305214096715,Maturity,28.840395981912792,Yes
29.453775279956325,26.412600225226868,35.26045568731969,Vegetative,5.960522142028668,Yes
67.78135454845273,38.26835552775982,25.023020901895364,Vegetative,1.8230525412809229,Yes
78.45571744850287,43.93429961702435,85.8012839849629,Vegetative,2.6371976081108697,Yes
76.41758916535933,21.112993773830674,49.205370423415644,Maturity,41.70820541042207,No
41.77468236947639,30.69988893584224,60.632072320067245,Maturity,5.898624181403078,No
63.44681092565169,23.614138742537264,92.60493590380692,Seedling,2.2575682206145977,No
26.398743633265678,38.785632571015185,24.992354593566713,Maturity,21.894994357145613,Yes
33.45181842088106,32.32780097643473,68.62385055890717,Maturity,42.19967359710124,Yes
81.70686548168958,34.03747252650911,25.55790669311503,Maturity,13.120418824465096,Yes
11.040153880858883,38.93742478847682,48.160169634987525,Vegetative,21.08563087629582,Yes
16.840682468357446,26.879114179873646,80.2860908895085,Flowering,1.9961266281875611,Yes
26.630900411682184,42.45270205221129,52.51041745667258,Seedling,22.453925706743792,Yes
12.122576309905577,30.9908660173842,94.78867654272128,Flowering,28.880654031856682,Yes
24.514834807183785,19.73864468506044,61.929446370995166,Flowering,28.545352687607238,Yes
56.643324877575374,35.876973545064075,44.087161447696516,Maturity,16.621334608718257,No
43.713964047399834,38.797840513147634,36.508349442856485,Seedling,15.776659033156776,Yes
81.41373688615799,24.5028503120258,46.28904007146214,Flowering,5.331180946829894,No
75.39548493907527,40.71537770996259,47.93999553196631,Flowering,18.33991603231342,No
37.34538813583008,42.18429764297299,25.153525829297074,Seedling,4.9747334436482324,Yes
30.7538746745034,23.307134621334267,47.71806495700798,Maturity,38.329797235602584,No
40.375392653381354,44.50564418145666,54.81788898044187,Flowering,48.31371488740929,Yes
57.22359540118462,19.221345841462753,74.20533141791034,Vegetative,48.503722833335345,No
31.4450912658301,21.0604700520747,69.25471135412059,Flowering,43.25355496876969,Yes
59.93191262793072,20.526745177140782,73.15742414218657,Vegetative,30.039607466980954,No
42.752932175299236,41.819691300236116,20.627276140764284,Maturity,35.043284862194,Yes
54.16377446815842,34.62877656974885,36.3250549685402,Flowering,14.260290134020703,Yes
44.890122330825335,19.563128496668185,69.62632162998923,Seedling,31.538521008631033,No
33.55726076335341,28.20970255105047,56.299202613481036,Seedling,22.78247747199387,No
85.87626455697253,33.458940752094065,20.398510675125944,Flowering,24.100866988846626,Yes
71.08846353278086,17.503922549681498,80.33709818238668,Maturity,37.8888280187579,No
21.209054061316202,41.472491052220164,77.9607179967753,Maturity,14.095917779862582,Yes
79.47743807183302,39.108106063246055,61.1314372245172,Seedling,15.901980584725994,No
48.99449585996109,30.156203207299146,24.984749433220408,Flowering,46.23208955643183,Yes
81.56417815152732,44.01379845777511,77.48862871494384,Maturity,2.8112147425486125,Yes
73.98842047578522,27.53282937825299,63.778519079852295,Seedling,24.28171492066702,No
44.017080357538674,44.523309571094934,78.64699828684694,Vegetative,45.64004002039309,Yes
11.797544665609392,35.03759996410881,76.38102442968804,Flowering,30.51815039090785,Yes
31.494188750795686,34.04013819761825,80.22515539683778,Vegetative,27.320353710606604,Yes
53.330737172869355,19.97864685887355,58.85060498034686,Vegetative,12.487208961467761,No
60.67825758609178,41.45783274913932,30.524338864513624,Maturity,17.163774453222413,No
30.631014834656185,27.824690637618453,70.33681050347664,Maturity,42.602420790234646,No
21.14848592582593,19.867002173474383,66.5355338788978,Maturity,27.960906588422908,No
76.79441894394392,15.37822559927277,75.66898903993155,Flowering,25.737109687838995,No
88.75217445628417,31.792670509151478,32.74107545380515,Vegetative,4.978985677001447,Yes
52.055214584214866,30.82198866368029,34.62313999252169,Flowering,0.8014078227561561,Yes
23.734342867864278,36.580608671074756,86.78071379144964,Maturity,48.184259434352455,Yes
31.784586121549516,41.70774159053406,76.2483348839053,Vegetative,18.849308364342082,Yes
11.471254123797339,17.382197539290885,88.11713665252422,Flowering,30.160653104975214,Yes
83.14390452483993,36.944894710210875,76.90364908729406,Flowering,3.9857536593642493,Yes
19.42008663121129,20.622358322927468,64.78664794927263,Seedling,34.155714286152325,No
56.121318041140285,40.74531159471492,69.05995527709052,Flowering,46.62833543529805,No
31.92441765497648,39.571905415849685,86.68459429550074,Maturity,28.783262649870984,Yes
54.33424020126347,31.22381264956633,63.41050658839554,Flowering,6.305766118770528,No
62.11363106814914,36.307283958699344,67.42934932462906,Vegetative,29.086076373673837,No
76.37934429657614,24.430503395512453,31.735753700270045,Flowering,38.31736065523262,No
26.513701740848255,29.13503696798444,55.5440915087077,Seedling,20.320826828700934,No
10.879666292678438,39.64910693131415,73.72978339685741,Vegetative,43.99188739707339,Yes
20.950850405504582,28.777955915196415,40.32070237372741,Vegetative,32.434147667868224,Yes
82.0014913478484,25.733947959763256,35.169063539340115,Seedling,44.962445914460126,No
79.91120620500122,29.826373417508997,43.53701061683117,Maturity,31.17526556236686,No
57.79304817362466,39.84747757311655,38.11254709946251,Vegetative,6.564398600241211,Yes
58.04134883469227,25.05624142112618,36.118447777729685,Maturity,15.484585555259455,No
63.20293396370044,20.212847794072314,51.86381321510652,Vegetative,10.089747412622845,No
24.029702289875967,36.36042060992342,88.08788854126506,Vegetative,45.441324885843116,Yes
83.15295567399679,39.779346381242455,58.02947350540387,Maturity,38.02000336437413,No
43.50164199136585,18.019124355706,34.09402856114923,Vegetative,33.8199184455003,Yes
40.65108225995979,22.19622338267834,25.772875203565555,Maturity,15.048315981581084,No
51.513416422627,19.25915969282982,72.21171088534439,Seedling,9.202238602510675,No
13.757277342004404,25.438242347465,48.70990733272909,Maturity,37.82255439944559,No
23.302669500486353,28.510529367162377,81.63732099390194,Seedling,23.707897293953984,No
69.04268931410964,37.464790108899194,69.46330764805776,Vegetative,11.289477607531456,Yes
16.623893434010117,34.534427546450225,79.71810879060264,Maturity,30.831098908263755,Yes
58.252168757311054,33.627857024352934,40.39595295638365,Vegetative,2.0166926069225988,Yes
29.627928774505676,25.571248398289633,71.92691918457936,Maturity,16.308512706412674,No
41.143649123358124,40.2434265925428,39.804648852028905,Seedling,23.427849729556733,Yes
33.09549894165599,29.138615021944936,90.43013595877187,Seedling,7.397916705470292,Yes
38.45381731719593,44.37314814045463,67.72807111500308,Maturity,49.23272387954198,No
67.52367241473964,34.024264148872106,44.338385013150656,Seedling,10.454868229480713,Yes
33.769737249854,18.78794224693508,40.21338967192045,Vegetative,6.517656502163277,Yes
55.312371223751775,35.28532686226302,34.319493880373265,Vegetative,10.17674369434482,Yes
48.08403217592797,24.753120462950967,72.09807191702959,Flowering,38.45305665798621,No
63.09369322901185,35.58981590058292,36.403670974844545,Seedling,21.27528296359214,No
84.94637914598064,17.089234444872172,64.64774494456168,Vegetative,28.270796987626902,No
68.60576777682002,20.24644311527878,39.8476270194018,Maturity,1.0504578493180372,Yes
27.195230287260543,40.67211776717359,69.64767085954014,Seedling,1.7215654286657278,Yes
12.494650804902774,21.815386710705447,81.12047964054044,Vegetative,22.291277491350808,Yes
30.98112354398601,40.111233757288204,78.35189323584899,Seedling,40.832762160081174,Yes
57.60623445602039,23.37828265363231,77.06384981980864,Maturity,44.26194393537826,No
14.114065078740028,34.28645730176123,34.0791804269189,Vegetative,4.335328379782011,Yes
49.70929977609891,35.82451720529493,26.628871023838904,Flowering,26.918155105051138,Yes
57.74742791335114,30.379642594351587,72.42116213655392,Flowering,45.66148431396353,No
36.73951126535687,24.15932030090194,47.626041034576346,Seedling,19.398637719894317,No
71.67297629966575,21.379331291132885,52.42596698025105,Maturity,41.47829157141843,No
18.527860250701742,15.995680636872788,22.33618195950433,Vegetative,6.68478271997181,Yes
16.0110225388647,24.118392037221714,39.46823369562869,Maturity,46.769724483389936,Yes
68.25510049628826,34.594883715938494,22.525730290584804,Vegetative,37.57116587656513,Yes
49.63930529649588,43.14914455345448,85.93893294509357,Seedling,47.06671963934508,No
65.07219171421889,41.136134467891566,38.25475124138978,Vegetative,33.83086167762532,Yes
44.7861870882997,37.98194329605908,61.80028771797561,Maturity,18.17019659997135,No
29.712162659128545,38.653420297598956,22.923449049584782,Maturity,46.909058626236124,Yes
75.52818541393597,34.94954710427986,70.01355434792436,Seedling,13.778338815458923,No
73.95327031751833,22.80860572698009,44.227050931557045,Maturity,16.60862610308663,No
65.57571766835414,42.21585092117489,87.34393902182494,Vegetative,35.040420900087014,No
31.771610978397014,35.12196935717502,86.60886417005268,Seedling,38.26581497626931,Yes
57.21845334952697,31.8132189294132,44.39679637713108,Vegetative,46.47017419245769,No
38.87791175520214,18.329684076404433,87.5720671767851,Maturity,10.240120452810475,No
17.326565866130732,28.411666314192765,94.71182551240841,Seedling,39.8999017609612,No
83.38508603697943,28.81074813605779,81.9061748092961,Vegetative,36.927302669848174,No
20.945490473516912,40.936908285680104,83.36535108164217,Maturity,3.1897278126798936,Yes
86.0189883056642,31.399446605633653,38.675655208181745,Maturity,19.361157060510347,No
45.68046183663646,26.412016469112288,63.25267991433172,Flowering,14.13827285300493,Yes
24.810634307089572,44.30400985531978,25.044193547552588,Maturity,15.22452121770152,Yes
53.35207579026865,18.321617799789472,27.11884526162523,Vegetative,49.14734397773504,No
79.83566687011266,27.676452849358338,94.91694590249679,Seedling,32.138870673996394,No
68.5779909127649,16.26074025514216,44.49794370694332,Flowering,35.883807889674976,No
74.52489182891598,37.19712362300791,76.11379340366348,Maturity,48.830881865750456,No
62.70266933685739,42.54229656597452,80.49987897701124,Maturity,18.860089122881934,No
65.3821251614282,23.401119886514685,84.35174532554218,Maturity,40.0920084226403,No
77.93565212522554,40.75025030397363,94.82212230516174,Vegetative,21.72654816522477,No
29.973440708734877,23.766546913856935,38.11223639426509,Flowering,43.47668359074899,Yes
49.15399709145124,42.32310484931746,23.026312014477476,Vegetative,9.03287706556516,Yes
27.696755345568178,37.61885710790352,50.83936384959395,Flowering,47.38430885321398,Yes
89.01344063973175,39.14720330524316,29.75605023717102,Seedling,10.938585420543983,Yes
85.52474717492906,15.540196668013635,21.681941687154133,Vegetative,16.311025349046577,No
13.154144909480472,43.88431071222078,47.03201203561146,Vegetative,37.80961170533902,Yes
66.44601380125508,36.8001297621097,78.78036883064273,Seedling,19.687757078270334,No
84.01986539325327,24.142532861584,62.46355184188032,Flowering,30.410568838322334,No
24.446027610186682,39.88183994576541,43.45834919077655,Maturity,22.228675053471424,Yes
55.435618444210355,23.445635952447898,69.07565041195397,Seedling,37.118496854489095,No
83.23906380704335,41.18261518698384,37.4013635231608,Maturity,11.416562618430543,Yes
12.715678286863907,18.37741171235811,21.07860845540638,Maturity,2.92289936184385,Yes
65.7936213797472,36.11057932382387,77.32650398273205,Seedling,14.996469873653313,No
33.78792058980406,31.22095429934731,66.78073136480069,Flowering,23.715433243421515,Yes
83.95169563012243,17.896034105863222,77.172696837572,Maturity,8.40100260963393,No
87.68465961322943,22.25681484776517,22.92035125157492,Seedling,17.739864482819435,No
85.54131912907471,15.372121088319444,82.7839720872989,Vegetative,19.999150914678427,No
47.9371373325971,29.063038963935174,66.46446500272275,Vegetative,2.869592184413677,Yes
78.96341207914507,24.03795782280001,62.25465130344801,Vegetative,29.16536240921023,No
77.56395188280563,32.95072452893277,66.84605360858987,Seedling,44.217171398564375,No
35.528037859460454,23.917134231258515,84.83249351512731,Vegetative,7.587145647652621,Yes
76.3132379320542,23.99757334520954,64.02023799191804,Maturity,29.8904006700757,No
12.96061077723941,37.2957959619481,63.57127849161345,Vegetative,33.23696024554231,Yes
57.70159027856424,16.444285079350603,94.30093677993244,Vegetative,20.966734020964417,No
28.400706983016242,42.08684985575962,76.7547625301426,Maturity,35.0548793682135,Yes
19.645350862182305,40.567916231735445,53.17203540883514,Vegetative,20.5365771745506,Yes
16.156256130336732,35.03414049679219,73.05477500246957,Maturity,25.231864398871746,Yes
65.70310207025118,32.79664710322153,49.192285376884136,Vegetative,0.367652227721349,Yes
37.18999710144529,41.76907494418957,37.16565968626242,Maturity,34.58600570673444,Yes
67.98134172230093,20.559905385861434,64.76389076658197,Vegetative,33.06713394723622,No
15.22850726391539,17.36907486572486,89.61365735854636,Maturity,1.9200438663172281,Yes
35.223227026448825,22.185305097286143,89.6854640011597,Seedling,18.412505369756655,No
53.15930339002698,38.83734836100571,45.642895857911775,Maturity,48.95159203958337,No
73.25785318711709,16.0401080017945,59.575809966627126,Vegetative,21.03682812843084,No
35.5002002345656,32.48420505250469,35.872692392739594,Vegetative,25.097270256592086,Yes
60.071310114960724,44.8631254857393,94.67233321241626,Flowering,45.49650790798593,No
80.87821985889497,40.670882815126184,93.58384309009519,Maturity,35.86309379328782,No
59.26905505458436,30.643370671307686,68.71316972805855,Seedling,29.10350655621118,No
28.636757980290703,16.90922727859927,80.3310544758105,Maturity,39.890234067053626,No
11.952062524523042,39.94120543157129,73.63251209627751,Maturity,43.218313322798664,Yes
79.60790991207439,32.969355245316315,64.48686642796011,Seedling,22.844403586863343,No
11.701552868030971,18.447989911787005,24.00109977416733,Maturity,23.75541824659177,Yes
79.97613381473596,17.815718544700687,54.10732569144958,Seedling,19.30254678259179,No
52.31497072217696,42.28880458309777,70.6089726625558,Seedling,48.33530700092303,No
85.1254158810317,35.07600788814236,70.81487104127635,Maturity,34.85831271451752,No
73.90265886189323,39.87860397950267,47.98419638167877,Maturity,4.1611533104036145,Yes
89.834728842667,41.36936700846802,90.62689899935229,Vegetative,43.147981165650926,No
38.05694523613681,32.15317056144967,32.55177741775857,Vegetative,24.027997041813403,Yes
71.37506311449016,30.523390552651236,57.526958466167045,Flowering,3.437695321124373,Yes
42.15447308873937,27.912822309629703,71.8162982413117,Flowering,27.485862758165553,No
48.39004962431271,24.50839763373358,72.28518544188569,Maturity,20.858213948785103,No
60.20043705746961,28.037878825761354,68.64792175766117,Seedling,43.88747024313125,No
79.8941691349071,38.21638967190469,40.64661600888951,Flowering,10.199730180469368,Yes
88.72667753594361,33.05770293045394,31.715492651496646,Maturity,41.32323047460915,No
71.46187310916146,41.775698698645385,67.69552451200332,Flowering,27.884434559272638,No
43.4213425733867,28.301400431375633,64.94765871045783,Seedling,2.7305151606734523,Yes
43.70856018216561,33.21268736156262,33.45170077169307,Maturity,48.59226506627423,Yes
69.00658412711132,33.93922659275966,72.88543591779225,Seedling,25.630762205159996,No
29.102171661464187,32.75091486918977,54.13789938002423,Maturity,14.543842711579124,Yes
18.837929050511573,36.07901319256549,70.08204437023647,Flowering,23.470342099462904,Yes
38.36977261126212,22.123004051244187,82.80253098276131,Vegetative,42.89288917587445,No
32.97911933232654,30.370913326373717,32.729632143269235,Flowering,15.245156219253175,Yes
33.7046496364792,18.12674408425043,21.43586509976275,Flowering,9.633819824335015,Yes
28.688620083992795,26.535339829344377,78.43269397968402,Vegetative,6.453562346544073,Yes
13.36745517090895,29.63001205863793,65.7273068864462,Vegetative,14.892969919510563,Yes
11.429914778673105,34.566727786364176,72.47296772165913,Maturity,39.00240435200217,Yes
89.01779117888252,43.5159315775861,82.8616231241482,Maturity,23.581318259763083,No
44.22185069886899,33.01953199645068,80.21082011183753,Seedling,11.374080184676998,Yes
40.74613177277453,37.307817485296795,92.06901101966184,Seedling,8.30924998048746,Yes
64.3717826154456,30.187981784856085,60.19513091390887,Flowering,16.636473825518955,No
27.460311029205133,34.02312094128994,56.6371724494929,Vegetative,46.99621864428544,Yes
85.99689471601803,17.127966484013204,50.141539991804756,Seedling,17.15133562950122,No
72.90760115324417,22.63174742525541,31.52682821331534,Flowering,49.40620379773177,No
17.15288018498076,25.855592796154163,62.94554246615168,Vegetative,24.261522788267808,Yes
43.40646206279427,29.174800650195408,40.77593932444841,Maturity,8.958195914507543,Yes
80.32946460497317,16.369462365071513,89.09806341597316,Flowering,44.55700458967547,No
85.57856178331282,19.200722926599532,63.739310320782316,Maturity,23.017768656741346,No
47.39212089998958,23.30442923373917,64.46301353810827,Seedling,35.48356717522622,No
59.07291113685662,44.14598072703152,46.61934956577575,Seedling,49.185579160457586,No
23.36271568736602,24.940410213091525,23.89920139832806,Vegetative,2.5087675159987,Yes
89.29349009095813,29.461231743362475,22.38078240297415,Flowering,4.834727989378357,Yes
28.53373611067547,20.88293138215179,51.75013581148981,Maturity,36.02283707313781,No
85.41854193081005,33.323402132273046,26.342403357292838,Vegetative,14.0912501647736,Yes
61.97173191938948,23.42049646547923,65.51352166551044,Seedling,9.215069847504953,No
58.61894359030873,21.209777353152802,86.07297542297431,Seedling,1.9680939909864748,No
51.015080881320685,30.497178853379374,86.21861123890416,Flowering,1.0923355993100903,Yes
28.453584937420693,15.165173974812625,69.42840575991744,Maturity,38.72428015598955,No
24.12224256044066,15.22992097947676,35.84238736046983,Flowering,6.7216713684775,Yes
27.63889672561403,21.572064273055734,84.7247623519154,Maturity,23.386030798557545,No
24.915060971540363,16.101640875024636,86.45700764849062,Maturity,30.29484075897415,No
72.36675788534026,18.24077262392074,34.749018871471904,Flowering,21.417590028442312,No
38.01002073333841,25.165819480162547,75.3069564328008,Vegetative,1.3553326168116553,Yes
14.62741412507171,39.07757038739439,41.48896616953422,Flowering,39.175075129395445,Yes
87.52821041126491,32.16145930107902,80.19802342646972,Flowering,0.5256612270826744,Yes
80.70287079707406,30.38003177869249,94.7928424927702,Seedling,38.0944947188742,No
84.22018265561704,23.80466469624365,22.251950399704462,Seedling,44.66522468940614,No
89.59262581171483,42.95261158298449,87.30243993431989,Flowering,21.641996052858616,No
23.91161993755898,26.91045123711575,66.69729001989936,Flowering,26.777123654889913,Yes
41.699361512212704,17.612783003873144,93.00369643736158,Seedling,23.849169630882688,No
70.6590780563273,33.51199548353404,54.87571381448207,Maturity,19.460430931171942,No
65.68164944430337,18.41515180429804,83.55409479285302,Flowering,44.371226768518014,No
22.311672507188405,25.35669428405076,24.679555144870793,Vegetative,44.69667553349952,Yes
75.26664999924942,30.222358161534267,45.14592875587218,Vegetative,16.790818232076727,No
27.955245746932853,41.22667574055527,25.026240331340748,Vegetative,30.7534877007349,Yes
27.905409185809845,29.80639741020356,93.15073501093029,Flowering,46.34537810729321,Yes
52.957953831473084,36.06776298094993,81.27304304538775,Maturity,48.10292494706758,No
57.43519478733625,44.78450516997211,83.9410565934478,Maturity,25.447952021102378,No
56.40689662702489,18.94467359693945,90.34739235754206,Seedling,22.64124026421634,No
17.31894699182039,23.241945765585584,26.3827614589839,Flowering,13.934715796426289,Yes
80.19686901043043,26.837282267929393,48.9198194385,Maturity,47.9435936595205,No
31.248003407096483,27.65484535616494,25.32761667830016,Flowering,7.140715223643368,Yes
20.361193702624334,27.33063225796637,35.80948261625215,Seedling,28.99147880238625,Yes
81.09984638951818,42.22833007669665,37.20243327782543,Seedling,14.127513375931944,Yes
86.45211985838027,36.42097933400569,55.1830408285684,Seedling,13.95041451738983,No
78.97020938123605,33.237156422721114,40.14216255902319,Vegetative,20.248429368809422,Yes
74.76128597799024,24.281181535883462,27.573358011332083,Flowering,49.939646790782724,No
62.41935845112174,39.71371152663884,32.56183168205808,Seedling,2.7483153419911033,Yes
54.06858964873115,43.65181534454967,31.04566726640682,Flowering,28.927090910176574,Yes
16.958940792912813,39.6359484765068,92.98075984342238,Vegetative,4.128607901763859,Yes
42.676257045655895,15.046953155744188,76.94693801888552,Vegetative,7.726041499525948,Yes
39.81508136098512,34.09204110550221,92.58210989521714,Seedling,21.978147088644935,No
30.7803027008261,16.53406144326302,52.98053648809314,Seedling,25.523006567322064,No
67.87360909508679,22.728216610011657,40.877636124699244,Maturity,12.9396204182262,No
49.67005880630167,16.78574101043315,79.871989790689,Flowering,15.822856543720809,No
16.483697272611835,33.113863588481635,44.469043853086006,Seedling,4.348351012796653,Yes
27.614656155984907,35.5976974047782,42.45375302790112,Maturity,15.160989192212526,Yes
64.66070109276768,18.434629141977155,37.43794941558734,Flowering,48.3279219690272,No
16.090468759224017,26.515166491349383,29.725923366817653,Seedling,47.235369083624086,Yes
78.0965531239015,28.687095268666262,39.23472957625745,Maturity,16.74391450684925,No
49.611722161117946,26.071590652827496,46.648981135541575,Maturity,28.54269681393808,No
48.44692618613184,18.63075001455579,70.54956561092979,Flowering,45.479769555547215,No
57.392622772761406,27.568433705624262,24.69236316645887,Maturity,0.3091911320448337,Yes
75.97447727401193,37.535341434252544,35.78802047490072,Flowering,40.53417851687959,Yes
37.824736632175444,17.130229935997665,80.67677302187573,Flowering,47.418477639445946,No
64.24129220472508,17.405400422457102,31.019144268782807,Flowering,4.566286716677853,Yes
55.25855711966329,25.643138755079526,45.69838598918912,Vegetative,8.072384301646052,No
31.362261613553706,43.25177134856775,84.8494191393605,Maturity,48.03731513856777,Yes
80.29039890841264,35.05717940168742,31.6193983357582,Flowering,26.877007182017316,Yes
73.79408172855425,35.36009870017695,26.205262671364242,Seedling,0.7098317235861851,Yes
62.67614677267404,25.857599725135948,56.34034963100081,Vegetative,12.881599938176457,No
78.04653832753935,32.80982373625615,42.68146334589023,Vegetative,22.49718371344298,Yes
79.3835360767842,15.303935520832301,62.25562733628906,Maturity,34.64544555123838,No
66.66903813720279,34.08288139228627,80.28536678626064,Flowering,36.65801890683998,No
76.96106626909376,42.3986084272871,30.28613661145574,Maturity,49.771075646272806,No
65.79771693354269,33.377204050344574,63.55243134157137,Vegetative,14.37555996918795,Yes
64.41126174082403,41.210957803990354,57.91315702923979,Flowering,26.91100509342376,No
59.48891025721474,36.71919166398281,30.805908950989966,Seedling,26.666177392980252,No
70.2173311646113,18.616752492110706,66.79988641467368,Flowering,20.282262972361874,No
22.688408423445896,42.073599218575254,40.523031339557875,Vegetative,8.45809469212101,Yes
80.46966073591427,16.993315330673248,56.58757389080094,Seedling,48.872828159192125,No
79.74748221961856,31.019024176432914,26.17042432077964,Flowering,42.6658593333293,No
12.339782642764732,19.26411371380373,54.468804291021726,Seedling,24.91665141471186,No
76.06534004518102,15.351198321927122,42.98476010321153,Seedling,30.16227113420149,No
20.309589397875616,27.66102780382917,81.67859083890158,Vegetative,11.363052677983115,Yes
36.809508340731355,23.851221229624688,24.273404524802622,Seedling,27.189353519587346,No
69.48066050332862,29.58001481392809,51.39554561887475,Maturity,34.74850665607379,No
22.860791683864655,32.31599660203652,54.38235680985785,Vegetative,25.75835141932944,Yes
75.43736192952497,16.312172169268422,74.37545572243391,Maturity,49.514258529247066,No
76.57073423661936,18.69009885371237,63.07156813176582,Seedling,30.56708281238631,No
50.597418700866896,31.75927189351276,70.04092528956357,Maturity,18.548685629608453,No
10.510869737346686,25.295020595179746,78.27869642388171,Flowering,38.607601380791905,Yes
32.96305065399302,36.87520462648344,84.66522302436415,Seedling,8.523125579082102,Yes
59.35415347005937,34.56874945775819,43.54066225418529,Flowering,19.225790685313328,Yes
88.49489424219388,40.368130889697206,60.35170290229272,Maturity,17.34794751887929,No
60.54508216133347,35.77478480007676,83.00810588293999,Flowering,21.590354755388862,No
30.78428648513278,27.897932321704445,94.20883482237923,Seedling,39.08899129643631,No
60.72045624796891,35.18899867183298,86.71394832828224,Flowering,24.208651608170374,No
53.198830377268436,23.261435227662556,47.86004469682826,Maturity,39.70072251329814,No
72.3876316120915,24.18940496334638,34.63748879139878,Maturity,28.824445156993296,No
18.558451106156674,38.6695547976238,56.70444030549415,Maturity,17.103471732877768,Yes
70.88223220016224,28.392585492047466,75.62310888770317,Seedling,40.49893718417362,No
53.301326294088824,38.951410215550574,56.942680306497316,Maturity,11.914483527654578,No
87.03936030871957,39.67267121004835,56.238564748525135,Seedling,11.219148989989774,No
37.34977328309489,40.72687012983852,82.86728158113505,Flowering,25.22514620274179,Yes
60.60975145071585,42.49905707523622,47.10528343003898,Maturity,13.042462298104446,No
84.5622484408014,27.929556615398887,84.48460061087343,Flowering,0.4543517475608161,Yes
18.20077823925434,24.566004549634165,50.51036007137927,Vegetative,32.41487636494008,Yes
84.9782789789161,32.46596239782342,44.61748292587546,Flowering,25.5546910736199,Yes
65.03085778406506,26.135172703128827,54.04924333997742,Vegetative,22.27589072465806,No
15.426964728413752,33.03222500400699,77.18352190061513,Flowering,48.348425730915764,Yes
34.0770853557453,36.16757587931474,29.450152089799573,Seedling,28.559959198145684,Yes
66.65376709162253,35.652150554764106,34.731441190401306,Flowering,43.171578889469224,Yes
15.388048117501736,26.23658661060364,91.3583619247319,Seedling,6.972511810258009,Yes
56.57363681410186,20.005806050962583,33.161872053601805,Seedling,28.460323156471386,No
37.67064455623654,27.915880153866226,62.57954884482909,Maturity,43.39898133654515,No
59.67324142139817,19.277824322457263,63.44858499964534,Seedling,29.1552878639949,No
13.659362705001028,41.70291105551425,56.72183465376836,Vegetative,35.900708906350076,Yes
79.7229444921901,25.376323822135724,68.3558936432614,Maturity,18.60217839061037,No
87.87911753419175,19.633792416699713,37.23700443482139,Maturity,4.622475851853331,Yes
87.51022842285532,15.763432797172527,61.449670083256116,Flowering,22.89501475635357,No
69.97214653943398,34.37467158859452,47.91299414351728,Seedling,19.723969541942875,No
20.406899210450558,34.107069523642295,69.62504447218919,Seedling,43.35300911894737,Yes
